date,metric,value
2007-03-01,accounts_per_agent,68.37785016286645
2007-04-01,accounts_per_agent,151.77900552486187
2007-05-01,accounts_per_agent,241.01342281879195
2007-06-01,accounts_per_agent,333.3055028462998
2007-07-01,accounts_per_agent,394.2716593245228
2007-08-01,accounts_per_agent,528.1501831501831
2007-09-01,accounts_per_agent,662.2510416666667
2007-10-01,accounts_per_agent,732.4096989966555
2007-11-01,accounts_per_agent,821.7548948513415
2007-12-01,accounts_per_agent,850.3603034134007
2008-01-01,accounts_per_agent,876.9867549668874
2008-02-01,accounts_per_agent,881.2433478471214
2008-03-01,accounts_per_agent,891.1678832116788
2008-04-01,accounts_per_agent,910.7674597083653
2008-05-01,accounts_per_agent,981.2743682310469
2008-06-01,accounts_per_agent,1009.1398206575889
2008-07-01,accounts_per_agent,996.7998815867377
2008-08-01,accounts_per_agent,990.7418239829833
2008-09-01,accounts_per_agent,979.4420803782506
2008-10-01,accounts_per_agent,924.5513490901485
2008-11-01,accounts_per_agent,880.0500092609742
2008-12-01,accounts_per_agent,832.6458060288336
2009-01-01,accounts_per_agent,750.0383351588171
2009-02-01,accounts_per_agent,774.230564430245
2009-03-01,accounts_per_agent,470.84294055996406
2009-04-01,accounts_per_agent,441.6443542934415
2009-05-01,accounts_per_agent,426.8950028074116
2009-06-01,accounts_per_agent,432.10263806261645
2009-07-01,accounts_per_agent,401.34079118028535
2009-08-01,accounts_per_agent,410.7614483493078
2009-09-01,accounts_per_agent,404.7992728374489
2009-10-01,accounts_per_agent,405.6046725800979
2009-11-01,accounts_per_agent,383.3106424630717
2009-12-01,accounts_per_agent,385.9977403094038
2010-01-01,accounts_per_agent,381.35613682092554
2010-02-01,accounts_per_agent,380.9935417815232
2010-03-01,accounts_per_agent,361.02056331909347
2010-04-01,accounts_per_agent,345.03212715590126
2010-05-01,accounts_per_agent,338.0848047428792
2010-06-01,accounts_per_agent,342.1321547238418
2010-07-01,accounts_per_agent,408.5067022502578
2010-08-01,accounts_per_agent,430.82034018426646
2010-09-01,accounts_per_agent,430.3819297204082
2010-10-01,accounts_per_agent,425.15604312464535
2010-11-01,accounts_per_agent,420.80050260464384
2010-12-01,accounts_per_agent,416.9003016553018
2011-01-01,accounts_per_agent,491.3477390485163
2011-02-01,accounts_per_agent,488.6266342705079
2011-03-01,accounts_per_agent,482.49350792861486
2011-04-01,accounts_per_agent,475.9521831193546
2011-05-01,accounts_per_agent,465.73730024684943
2011-06-01,accounts_per_agent,423.59710550887024
2011-07-01,accounts_per_agent,420.13447460816485
2011-08-01,accounts_per_agent,415.8169876234306
2011-09-01,accounts_per_agent,408.6083834407579
2011-10-01,accounts_per_agent,401.2553787024272
2011-11-01,accounts_per_agent,396.40667332097536
2011-12-01,accounts_per_agent,380.2381565651562
2012-01-01,accounts_per_agent,360.0114689859505
2012-02-01,accounts_per_agent,350.0437738660706
2012-03-01,accounts_per_agent,345.2481785880917
2012-04-01,accounts_per_agent,344.3412028139711
2012-05-01,accounts_per_agent,333.4795197859695
2012-06-01,accounts_per_agent,322.8613833934076
2012-07-01,accounts_per_agent,309.98179371487373
2012-08-01,accounts_per_agent,300.74954608234145
2012-09-01,accounts_per_agent,292.86340470423914
2012-10-01,accounts_per_agent,282.08307501549905
2012-11-01,accounts_per_agent,269.1888442825619
2012-12-01,accounts_per_agent,273.8194299979197
2013-01-01,accounts_per_agent,250.36353859821386
2013-02-01,accounts_per_agent,246.65301551027795
2013-03-01,accounts_per_agent,239.5554172790765
2013-04-01,accounts_per_agent,238.98192464622764
2013-05-01,accounts_per_agent,233.33731010896366
2013-06-01,accounts_per_agent,230.21373527843747
2013-07-01,accounts_per_agent,229.67947080032934
2013-08-01,accounts_per_agent,219.88043368122405
2013-09-01,accounts_per_agent,217.05665024630542
2013-10-01,accounts_per_agent,218.71670680501714
2013-11-01,accounts_per_agent,220.45738266620629
2013-12-01,accounts_per_agent,223.86900026518165
2014-01-01,accounts_per_agent,225.7249774334616
2014-02-01,accounts_per_agent,227.06951267226015
2014-03-01,accounts_per_agent,225.5499328720438
2014-04-01,accounts_per_agent,224.22092793851485
2014-05-01,accounts_per_agent,219.1312910098721
2014-06-01,accounts_per_agent,214.67283761518783
2014-07-01,accounts_per_agent,214.16031095360194
2014-08-01,accounts_per_agent,211.15726336722585
2014-09-01,accounts_per_agent,211.7870171285
2014-10-01,accounts_per_agent,201.97970568582662
2014-11-01,accounts_per_agent,205.45795962740593
2014-12-01,accounts_per_agent,204.11146051429634
2015-01-01,accounts_per_agent,201.8438160634527
2015-02-01,accounts_per_agent,200.1430963856369
2015-03-01,accounts_per_agent,199.78225536779402
2015-04-01,accounts_per_agent,202.28760698973826
2015-05-01,accounts_per_agent,203.98890045091918
2015-06-01,accounts_per_agent,201.14297857484385
2015-07-01,accounts_per_agent,199.55518736612706
2015-08-01,accounts_per_agent,198.8334484938475
2015-09-01,accounts_per_agent,197.72534767720498
2015-10-01,accounts_per_agent,195.83677068813472
2015-11-01,accounts_per_agent,197.0980293006335
2015-12-01,accounts_per_agent,198.99615133452824
2016-01-01,accounts_per_agent,198.33412855292755
2016-02-01,accounts_per_agent,197.93666348954906
2016-03-01,accounts_per_agent,203.30227105644857
2016-04-01,accounts_per_agent,204.45883898492477
2016-05-01,accounts_per_agent,200.16757382522434
2016-06-01,accounts_per_agent,193.18622472532545
2016-07-01,accounts_per_agent,193.54529783566366
2016-08-01,accounts_per_agent,188.5034585150828
2016-09-01,accounts_per_agent,192.45269986358224
2016-10-01,accounts_per_agent,187.5771536901508
2016-11-01,accounts_per_agent,211.03662252756385
2016-12-01,accounts_per_agent,210.70111145936303
2017-01-01,accounts_per_agent,218.57525877270615
2017-02-01,accounts_per_agent,214.90820357889842
2017-03-01,accounts_per_agent,214.87441005986506
2017-04-01,accounts_per_agent,214.1857617631625
2017-05-01,accounts_per_agent,207.7134216694803
2017-06-01,accounts_per_agent,207.0026467363984
2017-07-01,accounts_per_agent,204.02407363700732
2017-08-01,accounts_per_agent,211.12857253828733
2017-09-01,accounts_per_agent,211.8134406198778
2017-10-01,accounts_per_agent,211.28593982005881
2017-11-01,accounts_per_agent,205.61287333461405
2017-12-01,accounts_per_agent,204.89061335437765
2018-01-01,accounts_per_agent,201.25512553914555
2018-02-01,accounts_per_agent,199.9744947089534
2018-03-01,accounts_per_agent,200.71223763022826
2018-04-01,accounts_per_agent,199.64865333630664
2018-05-01,accounts_per_agent,206.18419167239003
2018-06-01,accounts_per_agent,215.83386555558934
2018-07-01,accounts_per_agent,212.82344538948294
2018-08-01,accounts_per_agent,214.97036426537431
2018-09-01,accounts_per_agent,217.70514213779572
2018-10-01,accounts_per_agent,214.36537853661758
2018-11-01,accounts_per_agent,224.0945752064834
2018-12-01,accounts_per_agent,231.81268074558312
2019-01-01,accounts_per_agent,200.1395676878452
2019-02-01,accounts_per_agent,235.75749580687108
2019-03-01,accounts_per_agent,221.89225271747512
2019-04-01,accounts_per_agent,226.07853357657893
2019-05-01,accounts_per_agent,232.16190370288
2019-06-01,accounts_per_agent,210.354452455008
2019-07-01,accounts_per_agent,242.6391459202925
2019-08-01,accounts_per_agent,246.20346189977482
2019-09-01,accounts_per_agent,247.60245200236488
2019-10-01,accounts_per_agent,252.2359035021687
2019-11-01,accounts_per_agent,261.18869002884645
2019-12-01,accounts_per_agent,260.4159601620647
2020-01-01,accounts_per_agent,255.8117012261557
2020-02-01,accounts_per_agent,249.06917208322898
2020-03-01,accounts_per_agent,244.3721619405563
2020-04-01,accounts_per_agent,245.2923330925601
2020-05-01,accounts_per_agent,247.7940753049959
2020-06-01,accounts_per_agent,259.749533953046
2020-07-01,accounts_per_agent,264.39145122195384
2020-08-01,accounts_per_agent,248.44738685334167
2020-09-01,accounts_per_agent,243.27659574468086
2020-10-01,accounts_per_agent,238.5652814489034
2020-11-01,accounts_per_agent,238.31787215538483
2020-12-01,accounts_per_agent,233.30941685016384
2021-01-01,accounts_per_agent,231.6899203228837
2021-02-01,accounts_per_agent,228.3491606910316
2021-03-01,accounts_per_agent,224.7079954874354
2021-04-01,accounts_per_agent,227.71847196867387
2021-05-01,accounts_per_agent,226.7442444033284
2021-06-01,accounts_per_agent,224.84135382492363
2021-07-01,accounts_per_agent,225.6698648088029
2021-08-01,accounts_per_agent,223.37626549264817
2021-09-01,accounts_per_agent,221.36408670147893
2021-10-01,accounts_per_agent,226.63119906473963
2021-11-01,accounts_per_agent,224.54213801566945
2021-12-01,accounts_per_agent,228.08040982727175
2022-01-01,accounts_per_agent,227.70626292269725
2022-02-01,accounts_per_agent,225.6333275768163
2022-03-01,accounts_per_agent,226.59054210680992
2022-04-01,accounts_per_agent,232.76215379508665
2022-05-01,accounts_per_agent,228.98342216263939
2022-06-01,accounts_per_agent,230.82250002461495
2022-07-01,accounts_per_agent,231.01053392543633
2022-08-01,accounts_per_agent,225.67241101626672
2022-09-01,accounts_per_agent,232.0927205075146
2022-10-01,accounts_per_agent,234.7118352849912
2022-11-01,accounts_per_agent,232.267478746352
2022-12-01,accounts_per_agent,229.9493998106817
2023-01-01,accounts_per_agent,233.20243576042296
2023-02-01,accounts_per_agent,228.79179761010838
2023-03-01,accounts_per_agent,229.55076926909317
2023-04-01,accounts_per_agent,230.20414100761286
2023-05-01,accounts_per_agent,231.05465365702096
2023-06-01,accounts_per_agent,234.3376666068064
2023-07-01,accounts_per_agent,233.3248718692583
2023-08-01,accounts_per_agent,232.58394615929078
2023-09-01,accounts_per_agent,229.3524743105588
2023-10-01,accounts_per_agent,227.90894443594337
2023-11-01,accounts_per_agent,235.17357468712643
2023-12-01,accounts_per_agent,239.6372253445987
2024-01-01,accounts_per_agent,238.8747121429016
2024-02-01,accounts_per_agent,241.51888613351156
2024-03-01,accounts_per_agent,242.69692390313355
2024-04-01,accounts_per_agent,233.52451947143365
2024-05-01,accounts_per_agent,231.196570963339
2024-06-01,accounts_per_agent,233.26128736760805
2024-07-01,accounts_per_agent,230.60292353229352
2024-08-01,accounts_per_agent,225.93481102667604
2024-09-01,accounts_per_agent,215.94282154041207
2024-10-01,accounts_per_agent,225.36326651255783
2024-11-01,accounts_per_agent,212.57794090046505
2024-12-01,accounts_per_agent,216.2858552251808
2025-01-01,accounts_per_agent,217.82679896466973
2025-02-01,accounts_per_agent,214.1556477980413
2025-03-01,accounts_per_agent,207.7466076588274
2025-04-01,accounts_per_agent,205.76604250249403
2025-05-01,accounts_per_agent,201.74173664715696
2025-06-01,accounts_per_agent,194.18147434936523
2025-07-01,accounts_per_agent,195.93778055973738
2025-08-01,accounts_per_agent,193.85712734147978
2025-09-01,accounts_per_agent,190.50142093348106
2025-10-01,accounts_per_agent,190.03371077880544
2025-11-01,accounts_per_agent,187.4635586923438
2025-12-01,accounts_per_agent,188.91911069063386
2026-01-01,accounts_per_agent,190.42263251233186
2026-02-01,accounts_per_agent,179.98238017434562
2026-03-01,accounts_per_agent,147.07373320094177
2026-04-01,accounts_per_agent,169.4129669166621
2026-05-01,accounts_per_agent,166.72868711569473
2026-06-01,accounts_per_agent,164.6553773439794
2007-03-01,accounts_yoy_growth_pct,
2007-04-01,accounts_yoy_growth_pct,
2007-05-01,accounts_yoy_growth_pct,
2007-06-01,accounts_yoy_growth_pct,
2007-07-01,accounts_yoy_growth_pct,
2007-08-01,accounts_yoy_growth_pct,
2007-09-01,accounts_yoy_growth_pct,
2007-10-01,accounts_yoy_growth_pct,
2007-11-01,accounts_yoy_growth_pct,
2007-12-01,accounts_yoy_growth_pct,
2008-01-01,accounts_yoy_growth_pct,
2008-02-01,accounts_yoy_growth_pct,
2008-03-01,accounts_yoy_growth_pct,9787.242759146342
2008-04-01,accounts_yoy_growth_pct,4219.780139778684
2008-05-01,accounts_yoy_growth_pct,2423.024514308522
2008-06-01,accounts_yoy_growth_pct,1629.8522077744633
2008-07-01,accounts_yoy_growth_pct,1154.0791585815962
2008-08-01,accounts_yoy_growth_pct,761.4349620279502
2008-09-01,accounts_yoy_growth_pct,551.6662708156052
2008-10-01,accounts_yoy_growth_pct,404.6200634274089
2008-11-01,accounts_yoy_growth_pct,319.28962230850686
2008-12-01,accounts_yoy_growth_pct,277.8029689207371
2009-01-01,accounts_yoy_growth_pct,244.74104839217165
2009-02-01,accounts_yoy_growth_pct,219.2931217163593
2009-03-01,accounts_yoy_growth_pct,203.03199664663967
2009-04-01,accounts_yoy_growth_pct,175.20666031869087
2009-05-01,accounts_yoy_growth_pct,151.74292620294102
2009-06-01,accounts_yoy_growth_pct,136.64876321366978
2009-07-01,accounts_yoy_growth_pct,120.55215179422602
2009-08-01,accounts_yoy_growth_pct,107.02435201734755
2009-09-01,accounts_yoy_growth_pct,93.48690816405345
2009-10-01,accounts_yoy_growth_pct,89.30995321563337
2009-11-01,accounts_yoy_growth_pct,81.32146592891765
2009-12-01,accounts_yoy_growth_pct,74.76896076120471
2010-01-01,accounts_yoy_growth_pct,72.98677687157283
2010-02-01,accounts_yoy_growth_pct,66.3500125515387
2010-03-01,accounts_yoy_growth_pct,58.55120899528104
2010-04-01,accounts_yoy_growth_pct,56.19603424414261
2010-05-01,accounts_yoy_growth_pct,53.34297864877902
2010-06-01,accounts_yoy_growth_pct,51.79080524349777
2010-07-01,accounts_yoy_growth_pct,81.38104413841951
2010-08-01,accounts_yoy_growth_pct,89.12510856742846
2010-09-01,accounts_yoy_growth_pct,89.91322615091366
2010-10-01,accounts_yoy_growth_pct,88.03230867958172
2010-11-01,accounts_yoy_growth_pct,86.5868705522391
2010-12-01,accounts_yoy_growth_pct,85.15228683558153
2011-01-01,accounts_yoy_growth_pct,76.11721379805209
2011-02-01,accounts_yoy_growth_pct,74.60348632292673
2011-03-01,accounts_yoy_growth_pct,75.1414695585989
2011-04-01,accounts_yoy_growth_pct,74.0468115970439
2011-05-01,accounts_yoy_growth_pct,70.82094388533086
2011-06-01,accounts_yoy_growth_pct,66.26109741907702
2011-07-01,accounts_yoy_growth_pct,35.917328007958346
2011-08-01,accounts_yoy_growth_pct,27.57843076775446
2011-09-01,accounts_yoy_growth_pct,24.091724196822106
2011-10-01,accounts_yoy_growth_pct,22.085721912218936
2011-11-01,accounts_yoy_growth_pct,21.05754276827372
2011-12-01,accounts_yoy_growth_pct,16.68886010835262
2012-01-01,accounts_yoy_growth_pct,12.845339452729455
2012-02-01,accounts_yoy_growth_pct,11.243251562795976
2012-03-01,accounts_yoy_growth_pct,10.157283298884078
2012-04-01,accounts_yoy_growth_pct,9.982936595090464
2012-05-01,accounts_yoy_growth_pct,9.87731464692394
2012-06-01,accounts_yoy_growth_pct,9.085298315414757
2012-07-01,accounts_yoy_growth_pct,6.946614085491731
2012-08-01,accounts_yoy_growth_pct,4.121894610160748
2012-09-01,accounts_yoy_growth_pct,4.332084100870226
2012-10-01,accounts_yoy_growth_pct,4.218181439585189
2012-11-01,accounts_yoy_growth_pct,4.059609455292912
2012-12-01,accounts_yoy_growth_pct,9.738940128185082
2013-01-01,accounts_yoy_growth_pct,13.720399277901674
2013-02-01,accounts_yoy_growth_pct,16.018965416318554
2013-03-01,accounts_yoy_growth_pct,16.060355626244196
2013-04-01,accounts_yoy_growth_pct,17.86226318484383
2013-05-01,accounts_yoy_growth_pct,19.171536942160937
2013-06-01,accounts_yoy_growth_pct,19.976156317565508
2013-07-01,accounts_yoy_growth_pct,23.953013278855995
2013-08-01,accounts_yoy_growth_pct,23.16821465428278
2013-09-01,accounts_yoy_growth_pct,21.61339421613393
2013-10-01,accounts_yoy_growth_pct,22.02797202797202
2013-11-01,accounts_yoy_growth_pct,22.962962962962962
2013-12-01,accounts_yoy_growth_pct,20.257834757834758
2014-01-01,accounts_yoy_growth_pct,20.2571656682899
2014-02-01,accounts_yoy_growth_pct,19.786812461013458
2014-03-01,accounts_yoy_growth_pct,17.370976120953728
2014-04-01,accounts_yoy_growth_pct,13.560397071920427
2014-05-01,accounts_yoy_growth_pct,9.992330634853008
2014-06-01,accounts_yoy_growth_pct,9.172210526315784
2014-07-01,accounts_yoy_growth_pct,8.061392665842604
2014-08-01,accounts_yoy_growth_pct,10.31839128613321
2014-09-01,accounts_yoy_growth_pct,9.718397997496876
2014-10-01,accounts_yoy_growth_pct,6.410151453131396
2014-11-01,accounts_yoy_growth_pct,0.18674698795182465
2014-12-01,accounts_yoy_growth_pct,-0.3044266237073767
2015-01-01,accounts_yoy_growth_pct,-1.3961361659833416
2015-02-01,accounts_yoy_growth_pct,-2.5302109019619823
2015-03-01,accounts_yoy_growth_pct,-1.9757326007325937
2015-04-01,accounts_yoy_growth_pct,-0.002677898538261392
2015-05-01,accounts_yoy_growth_pct,2.5151848523350617
2015-06-01,accounts_yoy_growth_pct,2.2153314512272315
2015-07-01,accounts_yoy_growth_pct,1.9510800144891594
2015-08-01,accounts_yoy_growth_pct,2.721680021266093
2015-09-01,accounts_yoy_growth_pct,3.8498830776250603
2015-10-01,accounts_yoy_growth_pct,5.927835051546393
2015-11-01,accounts_yoy_growth_pct,12.496743030084389
2015-12-01,accounts_yoy_growth_pct,13.447950826164789
2016-01-01,accounts_yoy_growth_pct,14.570110090876142
2016-02-01,accounts_yoy_growth_pct,15.844843570766365
2016-03-01,accounts_yoy_growth_pct,19.485251185276887
2016-04-01,accounts_yoy_growth_pct,20.271469670074072
2016-05-01,accounts_yoy_growth_pct,18.256532335770558
2016-06-01,accounts_yoy_growth_pct,18.425222995306157
2016-07-01,accounts_yoy_growth_pct,20.935590279076365
2016-08-01,accounts_yoy_growth_pct,21.099309789017973
2016-09-01,accounts_yoy_growth_pct,22.418717047451665
2016-10-01,accounts_yoy_growth_pct,23.604604713657995
2016-11-01,accounts_yoy_growth_pct,22.152936145952108
2016-12-01,accounts_yoy_growth_pct,22.03653730009392
2017-01-01,accounts_yoy_growth_pct,14.590206752446955
2017-02-01,accounts_yoy_growth_pct,12.892943131337088
2017-03-01,accounts_yoy_growth_pct,10.499739379723728
2017-04-01,accounts_yoy_growth_pct,9.059100451682678
2017-05-01,accounts_yoy_growth_pct,9.29511758691206
2017-06-01,accounts_yoy_growth_pct,8.895685974638369
2017-07-01,accounts_yoy_growth_pct,6.9334487877288575
2017-08-01,accounts_yoy_growth_pct,7.86396800683824
2017-09-01,accounts_yoy_growth_pct,6.286825183191258
2017-10-01,accounts_yoy_growth_pct,5.769603666598111
2017-11-01,accounts_yoy_growth_pct,6.153846153846154
2017-12-01,accounts_yoy_growth_pct,6.950825299653851
2018-01-01,accounts_yoy_growth_pct,13.49248717871816
2018-02-01,accounts_yoy_growth_pct,15.402060616983594
2018-03-01,accounts_yoy_growth_pct,15.982192871252131
2018-04-01,accounts_yoy_growth_pct,17.505979116840685
2018-05-01,accounts_yoy_growth_pct,21.99678409589241
2018-06-01,accounts_yoy_growth_pct,24.5859909883551
2018-07-01,accounts_yoy_growth_pct,23.237318526230546
2018-08-01,accounts_yoy_growth_pct,23.280785667789328
2018-09-01,accounts_yoy_growth_pct,24.58085938599208
2018-10-01,accounts_yoy_growth_pct,26.211361969734014
2018-11-01,accounts_yoy_growth_pct,27.047644171846596
2018-12-01,accounts_yoy_growth_pct,27.56989097756426
2019-01-01,accounts_yoy_growth_pct,6.483571077485739
2019-02-01,accounts_yoy_growth_pct,30.24974946965653
2019-03-01,accounts_yoy_growth_pct,28.01220132180986
2019-04-01,accounts_yoy_growth_pct,29.189016111457235
2019-05-01,accounts_yoy_growth_pct,25.08279613697908
2019-06-01,accounts_yoy_growth_pct,9.909349240271471
2019-07-01,accounts_yoy_growth_pct,26.456715086945295
2019-08-01,accounts_yoy_growth_pct,25.74979108699047
2019-09-01,accounts_yoy_growth_pct,25.81320600014003
2019-10-01,accounts_yoy_growth_pct,23.892149807095954
2019-11-01,accounts_yoy_growth_pct,25.53478653960124
2019-12-01,accounts_yoy_growth_pct,22.365356027869154
2020-01-01,accounts_yoy_growth_pct,46.83399800969346
2020-02-01,accounts_yoy_growth_pct,17.23920863309352
2020-03-01,accounts_yoy_growth_pct,16.58677521842733
2020-04-01,accounts_yoy_growth_pct,14.180042191985054
2020-05-01,accounts_yoy_growth_pct,15.417715601638449
2020-06-01,accounts_yoy_growth_pct,31.891966966164897
2020-07-01,accounts_yoy_growth_pct,15.176387625958032
2020-08-01,accounts_yoy_growth_pct,14.620329310215773
2020-09-01,accounts_yoy_growth_pct,14.955009299753685
2020-10-01,accounts_yoy_growth_pct,15.92027427921765
2020-11-01,accounts_yoy_growth_pct,13.313806233739367
2020-12-01,accounts_yoy_growth_pct,13.10577386041778
2021-01-01,accounts_yoy_growth_pct,12.54546437891264
2021-02-01,accounts_yoy_growth_pct,14.477597947721431
2021-03-01,accounts_yoy_growth_pct,12.291805406289246
2021-04-01,accounts_yoy_growth_pct,12.926186557896768
2021-05-01,accounts_yoy_growth_pct,12.494024221820865
2021-06-01,accounts_yoy_growth_pct,9.807682649640913
2021-07-01,accounts_yoy_growth_pct,10.432433042080014
2021-08-01,accounts_yoy_growth_pct,8.452234189292085
2021-09-01,accounts_yoy_growth_pct,5.7310277618131344
2021-10-01,accounts_yoy_growth_pct,2.4902306336679114
2021-11-01,accounts_yoy_growth_pct,2.1041203536163122
2021-12-01,accounts_yoy_growth_pct,3.060142402666255
2022-01-01,accounts_yoy_growth_pct,2.53791860639736
2022-02-01,accounts_yoy_growth_pct,1.1614055985705862
2022-03-01,accounts_yoy_growth_pct,4.080084938571216
2022-04-01,accounts_yoy_growth_pct,2.3990463418268604
2022-05-01,accounts_yoy_growth_pct,3.334808912498155
2022-06-01,accounts_yoy_growth_pct,3.7621717320743597
2022-07-01,accounts_yoy_growth_pct,4.435366209512681
2022-08-01,accounts_yoy_growth_pct,2.893229549126164
2022-09-01,accounts_yoy_growth_pct,5.864106351550968
2022-10-01,accounts_yoy_growth_pct,9.479665071770338
2022-11-01,accounts_yoy_growth_pct,9.039463886820531
2022-12-01,accounts_yoy_growth_pct,7.481993238277229
2023-01-01,accounts_yoy_growth_pct,8.97773872290568
2023-02-01,accounts_yoy_growth_pct,8.978510450397415
2023-03-01,accounts_yoy_growth_pct,7.432235499854256
2023-04-01,accounts_yoy_growth_pct,10.53550640279395
2023-05-01,accounts_yoy_growth_pct,10.438383549907183
2023-06-01,accounts_yoy_growth_pct,9.46964311104792
2023-07-01,accounts_yoy_growth_pct,7.865325509918963
2023-08-01,accounts_yoy_growth_pct,10.690836425920637
2023-09-01,accounts_yoy_growth_pct,7.53453327752196
2023-10-01,accounts_yoy_growth_pct,3.74214695438404
2023-11-01,accounts_yoy_growth_pct,5.326413548210884
2023-12-01,accounts_yoy_growth_pct,5.661925601750539
2024-01-01,accounts_yoy_growth_pct,3.1581776642924497
2024-02-01,accounts_yoy_growth_pct,4.44354403025391
2024-03-01,accounts_yoy_growth_pct,5.439500813890397
2024-04-01,accounts_yoy_growth_pct,1.9483938915218602
2024-05-01,accounts_yoy_growth_pct,-0.12929919834497872
2024-06-01,accounts_yoy_growth_pct,1.2079490842966667
2024-07-01,accounts_yoy_growth_pct,1.8132366273798883
2024-08-01,accounts_yoy_growth_pct,1.40554480980013
2024-09-01,accounts_yoy_growth_pct,2.9842999870248077
2024-10-01,accounts_yoy_growth_pct,6.3981042654028375
2024-11-01,accounts_yoy_growth_pct,5.744294605809119
2024-12-01,accounts_yoy_growth_pct,6.691690396065231
2025-01-01,accounts_yoy_growth_pct,8.65033871808234
2025-02-01,accounts_yoy_growth_pct,9.349540928488299
2025-03-01,accounts_yoy_growth_pct,9.610189116171352
2025-04-01,accounts_yoy_growth_pct,11.06663223140496
2025-05-01,accounts_yoy_growth_pct,10.84930088037288
2025-06-01,accounts_yoy_growth_pct,8.059548254620118
2025-07-01,accounts_yoy_growth_pct,9.108255947080512
2025-08-01,accounts_yoy_growth_pct,11.215666327568652
2025-09-01,accounts_yoy_growth_pct,9.625803200201588
2025-10-01,accounts_yoy_growth_pct,8.809700569166058
2025-11-01,accounts_yoy_growth_pct,9.209074187614963
2025-12-01,accounts_yoy_growth_pct,8.528448380443997
2026-01-01,accounts_yoy_growth_pct,8.405275779376487
2026-02-01,accounts_yoy_growth_pct,7.994323557237459
2026-03-01,accounts_yoy_growth_pct,7.265258215962445
2026-04-01,accounts_yoy_growth_pct,7.940937100337164
2026-05-01,accounts_yoy_growth_pct,9.892548469983641
2026-06-01,accounts_yoy_growth_pct,11.876484560570066
2007-03-01,active_agents,307.0
2007-04-01,active_agents,362.0
2007-05-01,active_agents,447.0
2007-06-01,active_agents,527.0
2007-07-01,active_agents,681.0
2007-08-01,active_agents,819.0
2007-09-01,active_agents,960.0
2007-10-01,active_agents,1196.0
2007-11-01,active_agents,1379.0
2007-12-01,active_agents,1582.0
2008-01-01,active_agents,1812.0
2008-02-01,active_agents,2067.0
2008-03-01,active_agents,2329.0
2008-04-01,active_agents,2606.0
2008-05-01,active_agents,2770.0
2008-06-01,active_agents,3011.0
2008-07-01,active_agents,3378.0
2008-08-01,active_agents,3761.0
2008-09-01,active_agents,4230.0
2008-10-01,active_agents,4781.0
2008-11-01,active_agents,5399.0
2008-12-01,active_agents,6104.0
2009-01-01,active_agents,7304.0
2009-02-01,active_agents,7512.0
2009-03-01,active_agents,13358.0
2009-04-01,active_agents,14790.0
2009-05-01,active_agents,16029.0
2009-06-01,active_agents,16641.0
2009-07-01,active_agents,18504.0
2009-08-01,active_agents,18780.0
2009-09-01,active_agents,19803.0
2009-10-01,active_agents,20631.0
2009-11-01,active_agents,22476.0
2009-12-01,active_agents,23012.0
2010-01-01,active_agents,24850.0
2010-02-01,active_agents,25394.0
2010-03-01,active_agents,27622.0
2010-04-01,active_agents,29570.0
2010-05-01,active_agents,31036.0
2010-06-01,active_agents,31902.0
2010-07-01,active_agents,32974.0
2010-08-01,active_agents,33864.0
2010-09-01,active_agents,35373.0
2010-10-01,active_agents,37009.0
2010-11-01,active_agents,38201.0
2010-12-01,active_agents,39449.0
2011-01-01,active_agents,33968.0
2011-02-01,active_agents,34572.0
2011-03-01,active_agents,36198.0
2011-04-01,active_agents,37309.0
2011-05-01,active_agents,38485.0
2011-06-01,active_agents,42840.0
2011-07-01,active_agents,43577.0
2011-08-01,active_agents,44762.0
2011-09-01,active_agents,46234.0
2011-10-01,active_agents,47874.0
2011-11-01,active_agents,49091.0
2011-12-01,active_agents,50471.0
2012-01-01,active_agents,52315.0
2012-02-01,active_agents,53685.0
2012-03-01,active_agents,55726.0
2012-04-01,active_agents,56717.0
2012-05-01,active_agents,59057.0
2012-06-01,active_agents,61313.0
2012-07-01,active_agents,63165.0
2012-08-01,active_agents,64439.0
2012-09-01,active_agents,67301.0
2012-10-01,active_agents,70972.0
2012-11-01,active_agents,75226.0
2012-12-01,active_agents,76912.0
2013-01-01,active_agents,85548.0
2013-02-01,active_agents,88393.0
2013-03-01,active_agents,93211.0
2013-04-01,active_agents,96319.0
2013-05-01,active_agents,100584.0
2013-06-01,active_agents,103165.0
2013-07-01,active_agents,105669.0
2013-08-01,active_agents,108559.0
2013-09-01,active_agents,110432.0
2013-10-01,active_agents,111697.0
2013-11-01,active_agents,112947.0
2013-12-01,active_agents,113130.0
2014-01-01,active_agents,114107.0
2014-02-01,active_agents,115015.0
2014-03-01,active_agents,116196.0
2014-04-01,active_agents,116581.0
2014-05-01,active_agents,117807.0
2014-06-01,active_agents,120781.0
2014-07-01,active_agents,122462.0
2014-08-01,active_agents,124708.0
2014-09-01,active_agents,124179.0
2014-10-01,active_agents,128706.0
2014-11-01,active_agents,121419.0
2014-12-01,active_agents,123703.0
2015-01-01,active_agents,125826.0
2015-02-01,active_agents,127187.0
2015-03-01,active_agents,128591.0
2015-04-01,active_agents,129218.0
2015-05-01,active_agents,129735.0
2015-06-01,active_agents,131761.0
2015-07-01,active_agents,133989.0
2015-08-01,active_agents,136042.0
2015-09-01,active_agents,138131.0
2015-10-01,active_agents,140612.0
2015-11-01,active_agents,142386.0
2015-12-01,active_agents,143946.0
2016-01-01,active_agents,146710.0
2016-02-01,active_agents,148982.0
2016-03-01,active_agents,150987.0
2016-04-01,active_agents,153762.0
2016-05-01,active_agents,156349.0
2016-06-01,active_agents,162465.0
2016-07-01,active_agents,167072.0
2016-08-01,active_agents,173774.0
2016-09-01,active_agents,173731.0
2016-10-01,active_agents,181456.0
2016-11-01,active_agents,162441.0
2016-12-01,active_agents,165908.0
2017-01-01,active_agents,152547.0
2017-02-01,active_agents,154908.0
2017-03-01,active_agents,157855.0
2017-04-01,active_agents,160076.0
2017-05-01,active_agents,164674.0
2017-06-01,active_agents,165109.0
2017-07-01,active_agents,169480.0
2017-08-01,active_agents,167353.0
2017-09-01,active_agents,167775.0
2017-10-01,active_agents,170389.0
2017-11-01,active_agents,176986.0
2017-12-01,active_agents,182472.0
2018-01-01,active_agents,188029.0
2018-02-01,active_agents,192117.0
2018-03-01,active_agents,196002.0
2018-04-01,active_agents,201795.0
2018-05-01,active_agents,202387.0
2018-06-01,active_agents,197286.0
2018-07-01,active_agents,200227.0
2018-08-01,active_agents,202627.0
2018-09-01,active_agents,203359.0
2018-10-01,active_agents,211961.0
2018-11-01,active_agents,206312.0
2018-12-01,active_agents,205745.0
2019-01-01,active_agents,201336.0
2019-02-01,active_agents,212252.0
2019-03-01,active_agents,226957.0
2019-04-01,active_agents,230220.0
2019-05-01,active_agents,224825.0
2019-06-01,active_agents,222484.0
2019-07-01,active_agents,222087.0
2019-08-01,active_agents,222479.0
2019-09-01,active_agents,224959.0
2019-10-01,active_agents,223176.0
2019-11-01,active_agents,222211.0
2019-12-01,active_agents,224108.0
2020-01-01,active_agents,231292.0
2020-02-01,active_agents,235543.0
2020-03-01,active_agents,240261.0
2020-04-01,active_agents,242275.0
2020-05-01,active_agents,243118.0
2020-06-01,active_agents,237637.0
2020-07-01,active_agents,234747.0
2020-08-01,active_agents,252703.0
2020-09-01,active_agents,263200.0
2020-10-01,active_agents,273531.0
2020-11-01,active_agents,275960.0
2020-12-01,active_agents,282929.0
2021-01-01,active_agents,287410.0
2021-02-01,active_agents,294111.0
2021-03-01,active_agents,293403.0
2021-04-01,active_agents,294706.0
2021-05-01,active_agents,298883.0
2021-06-01,active_agents,301457.0
2021-07-01,active_agents,303718.0
2021-08-01,active_agents,304822.0
2021-09-01,active_agents,305831.0
2021-10-01,active_agents,295105.0
2021-11-01,active_agents,299053.0
2021-12-01,active_agents,298272.0
2022-01-01,active_agents,299860.0
2022-02-01,active_agents,301108.0
2022-03-01,active_agents,302837.0
2022-04-01,active_agents,295237.0
2022-05-01,active_agents,305830.0
2022-06-01,active_agents,304693.0
2022-07-01,active_agents,309856.0
2022-08-01,active_agents,310450.0
2022-09-01,active_agents,308799.0
2022-10-01,active_agents,311957.0
2022-11-01,active_agents,315240.0
2022-12-01,active_agents,317983.0
2023-01-01,active_agents,319079.0
2023-02-01,active_agents,323613.0
2023-03-01,active_agents,321149.0
2023-04-01,active_agents,329968.0
2023-05-01,active_agents,334726.0
2023-06-01,active_agents,328543.0
2023-07-01,active_agents,330912.0
2023-08-01,active_agents,333428.0
2023-09-01,active_agents,336033.0
2023-10-01,active_agents,333291.0
2023-11-01,active_agents,327928.0
2023-12-01,active_agents,322404.0
2024-01-01,active_agents,321340.0
2024-02-01,active_agents,320182.0
2024-03-01,active_agents,320276.0
2024-04-01,active_agents,331614.0
2024-05-01,active_agents,334088.0
2024-06-01,active_agents,334046.0
2024-07-01,active_agents,340889.0
2024-08-01,active_agents,348065.0
2024-09-01,active_agents,367551.0
2024-10-01,active_agents,358621.0
2024-11-01,active_agents,383624.0
2024-12-01,active_agents,381116.0
2025-01-01,active_agents,382873.0
2025-02-01,active_agents,394853.0
2025-03-01,active_agents,410115.0
2025-04-01,active_agents,417999.0
2025-05-01,active_agents,424404.0
2025-06-01,active_agents,433615.0
2025-07-01,active_agents,437741.0
2025-08-01,active_agents,451157.0
2025-09-01,active_agents,456742.0
2025-10-01,active_agents,462760.0
2025-11-01,active_agents,475079.0
2025-12-01,active_agents,473536.0
2026-01-01,active_agents,474786.0
2026-02-01,active_agents,507383.0
2026-03-01,active_agents,621389.0
2026-04-01,active_agents,548010.0
2026-05-01,active_agents,564330.0
2026-06-01,active_agents,572104.0
2007-03-01,avg_txn_value_ksh,2965.3909919867365
2007-04-01,avg_txn_value_ksh,3155.657142857143
2007-05-01,avg_txn_value_ksh,3224.7266666666665
2007-06-01,avg_txn_value_ksh,3081.823667621041
2007-07-01,avg_txn_value_ksh,3006.9884673354068
2007-08-01,avg_txn_value_ksh,3060.4235635045006
2007-09-01,avg_txn_value_ksh,3090.524108952066
2007-10-01,avg_txn_value_ksh,2950.804456736204
2007-11-01,avg_txn_value_ksh,2877.003290389117
2007-12-01,avg_txn_value_ksh,2959.1633309787303
2008-01-01,avg_txn_value_ksh,3013.773081977681
2008-02-01,avg_txn_value_ksh,3000.0517271107533
2008-03-01,avg_txn_value_ksh,2814.36913451512
2008-04-01,avg_txn_value_ksh,2730.2116248873212
2008-05-01,avg_txn_value_ksh,2711.630902675025
2008-06-01,avg_txn_value_ksh,2598.4424387828935
2008-07-01,avg_txn_value_ksh,2600.054163544225
2008-08-01,avg_txn_value_ksh,2641.9452542487793
2008-09-01,avg_txn_value_ksh,2694.371153999421
2008-10-01,avg_txn_value_ksh,2601.3500087311004
2008-11-01,avg_txn_value_ksh,2533.031548499383
2008-12-01,avg_txn_value_ksh,2644.756053345876
2009-01-01,avg_txn_value_ksh,2656.8504307891585
2009-02-01,avg_txn_value_ksh,2589.179821829899
2009-03-01,avg_txn_value_ksh,2495.200714175047
2009-04-01,avg_txn_value_ksh,2468.8742779180816
2009-05-01,avg_txn_value_ksh,2445.78969751741
2009-06-01,avg_txn_value_ksh,2388.273713449195
2009-07-01,avg_txn_value_ksh,2387.0261441776242
2009-08-01,avg_txn_value_ksh,2391.401730705921
2009-09-01,avg_txn_value_ksh,2469.6548232745245
2009-10-01,avg_txn_value_ksh,2441.5913654618475
2009-11-01,avg_txn_value_ksh,2376.250312891114
2009-12-01,avg_txn_value_ksh,2413.272104421115
2010-01-01,avg_txn_value_ksh,2413.867816922104
2010-02-01,avg_txn_value_ksh,2398.2997496239554
2010-03-01,avg_txn_value_ksh,2330.8342817268795
2010-04-01,avg_txn_value_ksh,2283.211344317486
2010-05-01,avg_txn_value_ksh,2351.5490882000454
2010-06-01,avg_txn_value_ksh,2320.8342321181763
2010-07-01,avg_txn_value_ksh,2295.1068177596135
2010-08-01,avg_txn_value_ksh,2293.938478859797
2010-09-01,avg_txn_value_ksh,2326.5264537776316
2010-10-01,avg_txn_value_ksh,2292.398127630226
2010-11-01,avg_txn_value_ksh,2339.413288235803
2010-12-01,avg_txn_value_ksh,2605.4199592696004
2011-01-01,avg_txn_value_ksh,2674.4762397756404
2011-02-01,avg_txn_value_ksh,2674.1422676223106
2011-03-01,avg_txn_value_ksh,2719.105655039245
2011-04-01,avg_txn_value_ksh,2654.94643088443
2011-05-01,avg_txn_value_ksh,2669.982487261534
2011-06-01,avg_txn_value_ksh,2586.2091105515574
2011-07-01,avg_txn_value_ksh,2625.5954371542252
2011-08-01,avg_txn_value_ksh,2733.4838025104773
2011-09-01,avg_txn_value_ksh,2769.808664784681
2011-10-01,avg_txn_value_ksh,2690.9741060419237
2011-11-01,avg_txn_value_ksh,2728.0344076411775
2011-12-01,avg_txn_value_ksh,2831.1454774321164
2012-01-01,avg_txn_value_ksh,2834.1479293028433
2012-02-01,avg_txn_value_ksh,2792.9536506264885
2012-03-01,avg_txn_value_ksh,2755.709508927596
2012-04-01,avg_txn_value_ksh,2646.2232243517474
2012-05-01,avg_txn_value_ksh,2676.986584107327
2012-06-01,avg_txn_value_ksh,2590.425743008545
2012-07-01,avg_txn_value_ksh,2619.6555217831815
2012-08-01,avg_txn_value_ksh,2643.4607645875253
2012-09-01,avg_txn_value_ksh,2670.412750306498
2012-10-01,avg_txn_value_ksh,2653.3050684139525
2012-11-01,avg_txn_value_ksh,2595.0336071695297
2012-12-01,avg_txn_value_ksh,2683.3452466047174
2013-01-01,avg_txn_value_ksh,2671.06435884569
2013-02-01,avg_txn_value_ksh,2639.433084650157
2013-03-01,avg_txn_value_ksh,2566.0131043288566
2013-04-01,avg_txn_value_ksh,2546.621118478267
2013-05-01,avg_txn_value_ksh,2631.256214782897
2013-06-01,avg_txn_value_ksh,2540.3964684324505
2013-07-01,avg_txn_value_ksh,2595.4393238717907
2013-08-01,avg_txn_value_ksh,2597.743779941277
2013-09-01,avg_txn_value_ksh,2610.5943559829734
2013-10-01,avg_txn_value_ksh,2567.5992383184416
2013-11-01,avg_txn_value_ksh,2550.509461426492
2013-12-01,avg_txn_value_ksh,2639.583556317962
2014-01-01,avg_txn_value_ksh,2661.788853112291
2014-02-01,avg_txn_value_ksh,2634.3656526418818
2014-03-01,avg_txn_value_ksh,2604.6306045954607
2014-04-01,avg_txn_value_ksh,2589.1213737334506
2014-05-01,avg_txn_value_ksh,2657.7926468063188
2014-06-01,avg_txn_value_ksh,2565.3664519754475
2014-07-01,avg_txn_value_ksh,2594.61357437091
2014-08-01,avg_txn_value_ksh,2620.0685182392103
2014-09-01,avg_txn_value_ksh,2639.482288410076
2014-10-01,avg_txn_value_ksh,2536.7433724402085
2014-11-01,avg_txn_value_ksh,2509.1730207016435
2014-12-01,avg_txn_value_ksh,2634.699691964802
2015-01-01,avg_txn_value_ksh,2578.459684471192
2015-02-01,avg_txn_value_ksh,2577.7893374452724
2015-03-01,avg_txn_value_ksh,2566.0420796544904
2015-04-01,avg_txn_value_ksh,2517.4546790788827
2015-05-01,avg_txn_value_ksh,2560.020644610155
2015-06-01,avg_txn_value_ksh,2513.7809561413765
2015-07-01,avg_txn_value_ksh,2541.1469331957423
2015-08-01,avg_txn_value_ksh,2636.5703357416064
2015-09-01,avg_txn_value_ksh,2569.6220930232557
2015-10-01,avg_txn_value_ksh,2489.615571776156
2015-11-01,avg_txn_value_ksh,2332.69515444587
2015-12-01,avg_txn_value_ksh,2485.740878629933
2016-01-01,avg_txn_value_ksh,2537.395309882747
2016-02-01,avg_txn_value_ksh,2546.814810413634
2016-03-01,avg_txn_value_ksh,2536.6000649019516
2016-04-01,avg_txn_value_ksh,2557.3901010369077
2016-05-01,avg_txn_value_ksh,2577.7909683642333
2016-06-01,avg_txn_value_ksh,2548.1277388049875
2016-07-01,avg_txn_value_ksh,2550.391805563096
2016-08-01,avg_txn_value_ksh,2603.7089596692244
2016-09-01,avg_txn_value_ksh,2523.0046364556874
2016-10-01,avg_txn_value_ksh,2385.3981216823195
2016-11-01,avg_txn_value_ksh,2408.1880726358613
2016-12-01,avg_txn_value_ksh,2507.1270845040326
2017-01-01,avg_txn_value_ksh,2454.1997869376382
2017-02-01,avg_txn_value_ksh,2377.8543767819906
2017-03-01,avg_txn_value_ksh,2401.3019739605206
2017-04-01,avg_txn_value_ksh,2307.7704930752225
2017-05-01,avg_txn_value_ksh,2381.5484504171227
2017-06-01,avg_txn_value_ksh,2381.224334177939
2017-07-01,avg_txn_value_ksh,2411.2485851449987
2017-08-01,avg_txn_value_ksh,2373.4178789009075
2017-09-01,avg_txn_value_ksh,2342.5504254341918
2017-10-01,avg_txn_value_ksh,2228.1852188557204
2017-11-01,avg_txn_value_ksh,2269.330033855076
2017-12-01,avg_txn_value_ksh,2376.992010519245
2018-01-01,avg_txn_value_ksh,2363.447438130223
2018-02-01,avg_txn_value_ksh,2274.0651715458403
2018-03-01,avg_txn_value_ksh,2285.1816702819956
2018-04-01,avg_txn_value_ksh,2203.3493833417806
2018-05-01,avg_txn_value_ksh,2333.881975680009
2018-06-01,avg_txn_value_ksh,2311.8141064826946
2018-07-01,avg_txn_value_ksh,2322.7267326871065
2018-08-01,avg_txn_value_ksh,2333.594173237826
2018-09-01,avg_txn_value_ksh,2244.451598761542
2018-10-01,avg_txn_value_ksh,2212.071410157257
2018-11-01,avg_txn_value_ksh,2245.288932419197
2018-12-01,avg_txn_value_ksh,2360.894629399001
2019-01-01,avg_txn_value_ksh,2385.9559266871106
2019-02-01,avg_txn_value_ksh,2271.0914250121114
2019-03-01,avg_txn_value_ksh,2282.7487916718305
2019-04-01,avg_txn_value_ksh,2312.100439035662
2019-05-01,avg_txn_value_ksh,2376.7527747509084
2019-06-01,avg_txn_value_ksh,2316.5294168720407
2019-07-01,avg_txn_value_ksh,2395.0084652141795
2019-08-01,avg_txn_value_ksh,2427.1148931685857
2019-09-01,avg_txn_value_ksh,2419.6423848066443
2019-10-01,avg_txn_value_ksh,2350.2722439305617
2019-11-01,avg_txn_value_ksh,2347.251986201129
2019-12-01,avg_txn_value_ksh,2470.675527453384
2020-01-01,avg_txn_value_ksh,2475.96601954675
2020-02-01,avg_txn_value_ksh,2359.6647141991516
2020-03-01,avg_txn_value_ksh,2418.9943392595246
2020-04-01,avg_txn_value_ksh,2464.0462742211625
2020-05-01,avg_txn_value_ksh,2629.035105788188
2020-06-01,avg_txn_value_ksh,2739.779237110521
2020-07-01,avg_txn_value_ksh,2858.7429875439766
2020-08-01,avg_txn_value_ksh,2901.3583976177492
2020-09-01,avg_txn_value_ksh,2958.3022125356615
2020-10-01,avg_txn_value_ksh,3037.827530355071
2020-11-01,avg_txn_value_ksh,3098.3485073046795
2020-12-01,avg_txn_value_ksh,3339.526933892044
2021-01-01,avg_txn_value_ksh,3394.629406014605
2021-02-01,avg_txn_value_ksh,3459.1352009744214
2021-03-01,avg_txn_value_ksh,2949.969828295573
2021-04-01,avg_txn_value_ksh,2897.1445053360253
2021-05-01,avg_txn_value_ksh,2969.0750165965924
2021-06-01,avg_txn_value_ksh,3029.2327816641073
2021-07-01,avg_txn_value_ksh,3195.5434782608695
2021-08-01,avg_txn_value_ksh,3178.7978971329467
2021-09-01,avg_txn_value_ksh,3236.826098977053
2021-10-01,avg_txn_value_ksh,3252.3413658844574
2021-11-01,avg_txn_value_ksh,3231.3689644047745
2021-12-01,avg_txn_value_ksh,3277.8714436248683
2022-01-01,avg_txn_value_ksh,3221.446246906791
2022-02-01,avg_txn_value_ksh,3318.2215998599686
2022-03-01,avg_txn_value_ksh,3392.452252068226
2022-04-01,avg_txn_value_ksh,3524.915002124947
2022-05-01,avg_txn_value_ksh,3589.634620367971
2022-06-01,avg_txn_value_ksh,3571.911922663802
2022-07-01,avg_txn_value_ksh,3709.6062021871953
2022-08-01,avg_txn_value_ksh,3665.1696336778314
2022-09-01,avg_txn_value_ksh,3555.45598313126
2022-10-01,avg_txn_value_ksh,3282.8923983141217
2022-11-01,avg_txn_value_ksh,3359.445552871994
2022-12-01,avg_txn_value_ksh,3420.4144727307857
2023-01-01,avg_txn_value_ksh,2971.61010539055
2023-02-01,avg_txn_value_ksh,3127.8541283410887
2023-03-01,avg_txn_value_ksh,3152.8584679978517
2023-04-01,avg_txn_value_ksh,3155.9374198512437
2023-05-01,avg_txn_value_ksh,3256.4600738294153
2023-06-01,avg_txn_value_ksh,3260.865160571371
2023-07-01,avg_txn_value_ksh,3375.104757209761
2023-08-01,avg_txn_value_ksh,3195.5802694022336
2023-09-01,avg_txn_value_ksh,3278.301418791547
2023-10-01,avg_txn_value_ksh,3339.0941031241096
2023-11-01,avg_txn_value_ksh,3514.7285281406785
2023-12-01,avg_txn_value_ksh,3695.794852561999
2024-01-01,avg_txn_value_ksh,3705.3596748274886
2024-02-01,avg_txn_value_ksh,3706.759163776132
2024-03-01,avg_txn_value_ksh,3598.1425340455226
2024-04-01,avg_txn_value_ksh,3496.2908376320315
2024-05-01,avg_txn_value_ksh,3470.2829962042956
2024-06-01,avg_txn_value_ksh,3362.2301800457576
2024-07-01,avg_txn_value_ksh,3457.16804623598
2024-08-01,avg_txn_value_ksh,3294.795799299883
2024-09-01,avg_txn_value_ksh,3412.4891852002647
2024-10-01,avg_txn_value_ksh,3355.3841865650843
2024-11-01,avg_txn_value_ksh,3393.64713785327
2024-12-01,avg_txn_value_ksh,3511.2778450927394
2025-01-01,avg_txn_value_ksh,3378.9177929564503
2025-02-01,avg_txn_value_ksh,3195.750452079566
2025-03-01,avg_txn_value_ksh,3227.2727272727275
2025-04-01,avg_txn_value_ksh,3244.208180509773
2025-05-01,avg_txn_value_ksh,3304.9905009035724
2025-06-01,avg_txn_value_ksh,3213.8319376263357
2025-07-01,avg_txn_value_ksh,3126.0913988482257
2025-08-01,avg_txn_value_ksh,3113.2817799484465
2025-09-01,avg_txn_value_ksh,3254.6932180029467
2025-10-01,avg_txn_value_ksh,3108.3134956967588
2025-11-01,avg_txn_value_ksh,3112.7854736053914
2025-12-01,avg_txn_value_ksh,3320.755584152955
2026-01-01,avg_txn_value_ksh,3252.9291426445975
2026-02-01,avg_txn_value_ksh,3228.9064491460617
2026-03-01,avg_txn_value_ksh,3182.640227669145
2026-04-01,avg_txn_value_ksh,3207.828913279005
2026-05-01,avg_txn_value_ksh,3179.4429151308727
2026-06-01,avg_txn_value_ksh,3212.332313485526
2007-03-01,cico_value_ksh_billions,0.0643905
2007-04-01,cico_value_ksh_billions,0.220896
2007-05-01,cico_value_ksh_billions,0.483709
2007-06-01,cico_value_ksh_billions,0.720102
2007-07-01,cico_value_ksh_billions,1.06537
2007-08-01,cico_value_ksh_billions,1.57991
2007-09-01,cico_value_ksh_billions,2.06969
2007-10-01,cico_value_ksh_billions,2.82955
2007-11-01,cico_value_ksh_billions,3.51495
2007-12-01,cico_value_ksh_billions,3.77027
2008-01-01,cico_value_ksh_billions,4.05904
2008-02-01,cico_value_ksh_billions,5.21979
2008-03-01,cico_value_ksh_billions,6.74745
2008-04-01,cico_value_ksh_billions,8.38964
2008-05-01,cico_value_ksh_billions,10.9042
2008-06-01,cico_value_ksh_billions,10.9172
2008-07-01,cico_value_ksh_billions,14.0171
2008-08-01,cico_value_ksh_billions,16.7563
2008-09-01,cico_value_ksh_billions,19.2699
2008-10-01,cico_value_ksh_billions,21.6007
2008-11-01,cico_value_ksh_billions,21.7
2008-12-01,cico_value_ksh_billions,26.99
2009-01-01,cico_value_ksh_billions,27.0749
2009-02-01,cico_value_ksh_billions,28.6863
2009-03-01,cico_value_ksh_billions,33.8202
2009-04-01,cico_value_ksh_billions,34.0201
2009-05-01,cico_value_ksh_billions,36.8062
2009-06-01,cico_value_ksh_billions,38.1756
2009-07-01,cico_value_ksh_billions,40.3374
2009-08-01,cico_value_ksh_billions,40.6787
2009-09-01,cico_value_ksh_billions,45.3683
2009-10-01,cico_value_ksh_billions,48.6365
2009-11-01,cico_value_ksh_billions,47.4656
2009-12-01,cico_value_ksh_billions,52.3417
2010-01-01,cico_value_ksh_billions,48.4625
2010-02-01,cico_value_ksh_billions,49.9055
2010-03-01,cico_value_ksh_billions,56.1167
2010-04-01,cico_value_ksh_billions,51.8136
2010-05-01,cico_value_ksh_billions,58.0795
2010-06-01,cico_value_ksh_billions,58.0993
2010-07-01,cico_value_ksh_billions,61.7728
2010-08-01,cico_value_ksh_billions,61.531
2010-09-01,cico_value_ksh_billions,68.5062
2010-10-01,cico_value_ksh_billions,71.7947
2010-11-01,cico_value_ksh_billions,70.2727
2010-12-01,cico_value_ksh_billions,75.8654
2011-01-01,cico_value_ksh_billions,75.4328
2011-02-01,cico_value_ksh_billions,76.3366
2011-03-01,cico_value_ksh_billions,88.9966
2011-04-01,cico_value_ksh_billions,86.0877
2011-05-01,cico_value_ksh_billions,94.3724
2011-06-01,cico_value_ksh_billions,92.6437
2011-07-01,cico_value_ksh_billions,99.7104
2011-08-01,cico_value_ksh_billions,107.424
2011-09-01,cico_value_ksh_billions,108.615
2011-10-01,cico_value_ksh_billions,109.119
2011-11-01,cico_value_ksh_billions,112.332
2011-12-01,cico_value_ksh_billions,118.08
2012-01-01,cico_value_ksh_billions,114.06
2012-02-01,cico_value_ksh_billions,116.691
2012-03-01,cico_value_ksh_billions,126.093
2012-04-01,cico_value_ksh_billions,117.36
2012-05-01,cico_value_ksh_billions,128.403
2012-06-01,cico_value_ksh_billions,124.02
2012-07-01,cico_value_ksh_billions,129.28
2012-08-01,cico_value_ksh_billions,131.38
2012-09-01,cico_value_ksh_billions,130.69
2012-10-01,cico_value_ksh_billions,137.68
2012-11-01,cico_value_ksh_billions,138.99
2012-12-01,cico_value_ksh_billions,150.16
2013-01-01,cico_value_ksh_billions,142.653
2013-02-01,cico_value_ksh_billions,141.126
2013-03-01,cico_value_ksh_billions,134.446
2013-04-01,cico_value_ksh_billions,142.609
2013-05-01,cico_value_ksh_billions,158.77
2013-06-01,cico_value_ksh_billions,152.5
2013-07-01,cico_value_ksh_billions,162.76
2013-08-01,cico_value_ksh_billions,168.1
2013-09-01,cico_value_ksh_billions,165.59
2013-10-01,cico_value_ksh_billions,175.29
2013-11-01,cico_value_ksh_billions,175.22
2013-12-01,cico_value_ksh_billions,182.495
2014-01-01,cico_value_ksh_billions,178.478
2014-02-01,cico_value_ksh_billions,172.797
2014-03-01,cico_value_ksh_billions,192.695
2014-04-01,cico_value_ksh_billions,186.664
2014-05-01,cico_value_ksh_billions,198.131
2014-06-01,cico_value_ksh_billions,189.911
2014-07-01,cico_value_ksh_billions,200.992
2014-08-01,cico_value_ksh_billions,206.72
2014-09-01,cico_value_ksh_billions,206.341
2014-10-01,cico_value_ksh_billions,210.277
2014-11-01,cico_value_ksh_billions,203.239
2014-12-01,cico_value_ksh_billions,225.549
2015-01-01,cico_value_ksh_billions,210.54
2015-02-01,cico_value_ksh_billions,208.132
2015-03-01,cico_value_ksh_billions,231.836
2015-04-01,cico_value_ksh_billions,213.746
2015-05-01,cico_value_ksh_billions,230.152
2015-06-01,cico_value_ksh_billions,227.921
2015-07-01,cico_value_ksh_billions,238.864
2015-08-01,cico_value_ksh_billions,248.154
2015-09-01,cico_value_ksh_billions,247.506
2015-10-01,cico_value_ksh_billions,255.808
2015-11-01,cico_value_ksh_billions,236.372
2015-12-01,cico_value_ksh_billions,267.068
2016-01-01,cico_value_ksh_billions,242.372
2016-02-01,cico_value_ksh_billions,257.185
2016-03-01,cico_value_ksh_billions,273.585
2016-04-01,cico_value_ksh_billions,269.82
2016-05-01,cico_value_ksh_billions,277.94
2016-06-01,cico_value_ksh_billions,270.973
2016-07-01,cico_value_ksh_billions,281.854
2016-08-01,cico_value_ksh_billions,297.229
2016-09-01,cico_value_ksh_billions,284.055
2016-10-01,cico_value_ksh_billions,292.092
2016-11-01,cico_value_ksh_billions,291.227
2016-12-01,cico_value_ksh_billions,316.773
2017-01-01,cico_value_ksh_billions,299.486
2017-02-01,cico_value_ksh_billions,279.386
2017-03-01,cico_value_ksh_billions,320.18
2017-04-01,cico_value_ksh_billions,297.437
2017-05-01,cico_value_ksh_billions,315.448
2017-06-01,cico_value_ksh_billions,299.789
2017-07-01,cico_value_ksh_billions,308.893
2017-08-01,cico_value_ksh_billions,286.341
2017-09-01,cico_value_ksh_billions,300.917
2017-10-01,cico_value_ksh_billions,299.018
2017-11-01,cico_value_ksh_billions,298.957
2017-12-01,cico_value_ksh_billions,332.622
2018-01-01,cico_value_ksh_billions,322.984
2018-02-01,cico_value_ksh_billions,300.852
2018-03-01,cico_value_ksh_billions,337.11
2018-04-01,cico_value_ksh_billions,312.999
2018-05-01,cico_value_ksh_billions,328.97
2018-06-01,cico_value_ksh_billions,317.671
2018-07-01,cico_value_ksh_billions,332.352
2018-08-01,cico_value_ksh_billions,348.912
2018-09-01,cico_value_ksh_billions,327.663
2018-10-01,cico_value_ksh_billions,343.225
2018-11-01,cico_value_ksh_billions,343.866
2018-12-01,cico_value_ksh_billions,367.766
2019-01-01,cico_value_ksh_billions,368.017
2019-02-01,cico_value_ksh_billions,328.15
2019-03-01,cico_value_ksh_billions,368.39
2019-04-01,cico_value_ksh_billions,360.216
2019-05-01,cico_value_ksh_billions,364.254
2019-06-01,cico_value_ksh_billions,346.847
2019-07-01,cico_value_ksh_billions,366.386
2019-08-01,cico_value_ksh_billions,368.504
2019-09-01,cico_value_ksh_billions,365.908
2019-10-01,cico_value_ksh_billions,366.901
2019-11-01,cico_value_ksh_billions,359.261
2019-12-01,cico_value_ksh_billions,382.93
2020-01-01,cico_value_ksh_billions,371.9
2020-02-01,cico_value_ksh_billions,350.481
2020-03-01,cico_value_ksh_billions,364.511
2020-04-01,cico_value_ksh_billions,307.991
2020-05-01,cico_value_ksh_billions,357.37
2020-06-01,cico_value_ksh_billions,392.172
2020-07-01,cico_value_ksh_billions,450.981
2020-08-01,cico_value_ksh_billions,473.522
2020-09-01,cico_value_ksh_billions,483.215
2020-10-01,cico_value_ksh_billions,528.904
2020-11-01,cico_value_ksh_billions,526.806
2020-12-01,cico_value_ksh_billions,605.69
2021-01-01,cico_value_ksh_billions,590.36
2021-02-01,cico_value_ksh_billions,567.99
2021-03-01,cico_value_ksh_billions,537.75
2021-04-01,cico_value_ksh_billions,502.22
2021-05-01,cico_value_ksh_billions,536.69
2021-06-01,cico_value_ksh_billions,532.63
2021-07-01,cico_value_ksh_billions,587.98
2021-08-01,cico_value_ksh_billions,586.52
2021-09-01,cico_value_ksh_billions,585.38
2021-10-01,cico_value_ksh_billions,618.14
2021-11-01,cico_value_ksh_billions,600.97
2021-12-01,cico_value_ksh_billions,622.14
2022-01-01,cico_value_ksh_billions,585.82
2022-02-01,cico_value_ksh_billions,568.71
2022-03-01,cico_value_ksh_billions,664.31
2022-04-01,cico_value_ksh_billions,663.53
2022-05-01,cico_value_ksh_billions,692.62
2022-06-01,cico_value_ksh_billions,665.09
2022-07-01,cico_value_ksh_billions,722.52
2022-08-01,cico_value_ksh_billions,677.36
2022-09-01,cico_value_ksh_billions,674.47
2022-10-01,cico_value_ksh_billions,646.5
2022-11-01,cico_value_ksh_billions,639.84
2022-12-01,cico_value_ksh_billions,708.06
2023-01-01,cico_value_ksh_billions,589.3
2023-02-01,cico_value_ksh_billions,578.09
2023-03-01,cico_value_ksh_billions,645.8
2023-04-01,cico_value_ksh_billions,615.25
2023-05-01,cico_value_ksh_billions,670.44
2023-06-01,cico_value_ksh_billions,643.76
2023-07-01,cico_value_ksh_billions,684.64
2023-08-01,cico_value_ksh_billions,666.63
2023-09-01,cico_value_ksh_billions,660.84
2023-10-01,cico_value_ksh_billions,703.28
2023-11-01,cico_value_ksh_billions,707.55
2023-12-01,cico_value_ksh_billions,788.35
2024-01-01,cico_value_ksh_billions,783.98
2024-02-01,cico_value_ksh_billions,790.8
2024-03-01,cico_value_ksh_billions,747.73
2024-04-01,cico_value_ksh_billions,711.67
2024-05-01,cico_value_ksh_billions,722.27
2024-06-01,cico_value_ksh_billions,676.01
2024-07-01,cico_value_ksh_billions,705.85
2024-08-01,cico_value_ksh_billions,705.91
2024-09-01,cico_value_ksh_billions,670.52
2024-10-01,cico_value_ksh_billions,722.28
2024-11-01,cico_value_ksh_billions,707.27
2024-12-01,cico_value_ksh_billions,753.45
2025-01-01,cico_value_ksh_billions,697.51
2025-02-01,cico_value_ksh_billions,636.21
2025-03-01,cico_value_ksh_billions,710.0
2025-04-01,cico_value_ksh_billions,698.77
2025-05-01,cico_value_ksh_billions,713.25
2025-06-01,cico_value_ksh_billions,667.77
2025-07-01,cico_value_ksh_billions,673.11
2025-08-01,cico_value_ksh_billions,688.44
2025-09-01,cico_value_ksh_billions,684.82
2025-10-01,cico_value_ksh_billions,678.98
2025-11-01,cico_value_ksh_billions,665.14
2025-12-01,cico_value_ksh_billions,722.53
2026-01-01,cico_value_ksh_billions,699.64
2026-02-01,cico_value_ksh_billions,633.35
2026-03-01,cico_value_ksh_billions,693.37
2026-04-01,cico_value_ksh_billions,680.99
2026-05-01,cico_value_ksh_billions,681.45
2026-06-01,cico_value_ksh_billions,682.46
2007-03-01,cico_value_yoy_growth_pct,
2007-04-01,cico_value_yoy_growth_pct,
2007-05-01,cico_value_yoy_growth_pct,
2007-06-01,cico_value_yoy_growth_pct,
2007-07-01,cico_value_yoy_growth_pct,
2007-08-01,cico_value_yoy_growth_pct,
2007-09-01,cico_value_yoy_growth_pct,
2007-10-01,cico_value_yoy_growth_pct,
2007-11-01,cico_value_yoy_growth_pct,
2007-12-01,cico_value_yoy_growth_pct,
2008-01-01,cico_value_yoy_growth_pct,
2008-02-01,cico_value_yoy_growth_pct,
2008-03-01,cico_value_yoy_growth_pct,10378.952640529269
2008-04-01,cico_value_yoy_growth_pct,3698.004490801101
2008-05-01,cico_value_yoy_growth_pct,2154.2892524224276
2008-06-01,cico_value_yoy_growth_pct,1416.0630021858015
2008-07-01,cico_value_yoy_growth_pct,1215.7025258830267
2008-08-01,cico_value_yoy_growth_pct,960.5857295668741
2008-09-01,cico_value_yoy_growth_pct,831.052476457827
2008-10-01,cico_value_yoy_growth_pct,663.3970065911541
2008-11-01,cico_value_yoy_growth_pct,517.3629781362466
2008-12-01,cico_value_yoy_growth_pct,615.8638505995591
2009-01-01,cico_value_yoy_growth_pct,567.0271788403168
2009-02-01,cico_value_yoy_growth_pct,449.56808607242823
2009-03-01,cico_value_yoy_growth_pct,401.2293533112509
2009-04-01,cico_value_yoy_growth_pct,305.50130875699074
2009-05-01,cico_value_yoy_growth_pct,237.54149777150087
2009-06-01,cico_value_yoy_growth_pct,249.68306891877043
2009-07-01,cico_value_yoy_growth_pct,187.77279180429622
2009-08-01,cico_value_yoy_growth_pct,142.76660121864612
2009-09-01,cico_value_yoy_growth_pct,135.43609463463744
2009-10-01,cico_value_yoy_growth_pct,125.16168457503692
2009-11-01,cico_value_yoy_growth_pct,118.73548387096777
2009-12-01,cico_value_yoy_growth_pct,93.92997406446835
2010-01-01,cico_value_yoy_growth_pct,78.99419757783039
2010-02-01,cico_value_yoy_growth_pct,73.96980440140418
2010-03-01,cico_value_yoy_growth_pct,65.92657642474025
2010-04-01,cico_value_yoy_growth_pct,52.30290328364702
2010-05-01,cico_value_yoy_growth_pct,57.79814270421832
2010-06-01,cico_value_yoy_growth_pct,52.1896184997747
2010-07-01,cico_value_yoy_growth_pct,53.14026189094982
2010-08-01,cico_value_yoy_growth_pct,51.260979333164535
2010-09-01,cico_value_yoy_growth_pct,51.00014768020844
2010-10-01,cico_value_yoy_growth_pct,47.61485715460611
2010-11-01,cico_value_yoy_growth_pct,48.04974549989887
2010-12-01,cico_value_yoy_growth_pct,44.94256013847466
2011-01-01,cico_value_yoy_growth_pct,55.651895795718346
2011-02-01,cico_value_yoy_growth_pct,52.96229874462735
2011-03-01,cico_value_yoy_growth_pct,58.59200558835427
2011-04-01,cico_value_yoy_growth_pct,66.1488489508546
2011-05-01,cico_value_yoy_growth_pct,62.48831343245034
2011-06-01,cico_value_yoy_growth_pct,59.45751497866583
2011-07-01,cico_value_yoy_growth_pct,61.414732697886464
2011-08-01,cico_value_yoy_growth_pct,74.58516845167478
2011-09-01,cico_value_yoy_growth_pct,58.5476934934356
2011-10-01,cico_value_yoy_growth_pct,51.98754225590467
2011-11-01,cico_value_yoy_growth_pct,59.85154974833753
2011-12-01,cico_value_yoy_growth_pct,55.644074901074816
2012-01-01,cico_value_yoy_growth_pct,51.20743231061289
2012-02-01,cico_value_yoy_growth_pct,52.863763908793416
2012-03-01,cico_value_yoy_growth_pct,41.68294069661089
2012-04-01,cico_value_yoy_growth_pct,36.326095365540034
2012-05-01,cico_value_yoy_growth_pct,36.059907345791764
2012-06-01,cico_value_yoy_growth_pct,33.86771037857945
2012-07-01,cico_value_yoy_growth_pct,29.65548227667323
2012-08-01,cico_value_yoy_growth_pct,22.300417039022925
2012-09-01,cico_value_yoy_growth_pct,20.32408046770704
2012-10-01,cico_value_yoy_growth_pct,26.17417681613652
2012-11-01,cico_value_yoy_growth_pct,23.731438948830274
2012-12-01,cico_value_yoy_growth_pct,27.168021680216793
2013-01-01,cico_value_yoy_growth_pct,25.06838506049447
2013-02-01,cico_value_yoy_growth_pct,20.93991824562307
2013-03-01,cico_value_yoy_growth_pct,6.62447558548056
2013-04-01,cico_value_yoy_growth_pct,21.514144512610777
2013-05-01,cico_value_yoy_growth_pct,23.64975896201804
2013-06-01,cico_value_yoy_growth_pct,22.964038058377678
2013-07-01,cico_value_yoy_growth_pct,25.89727722772277
2013-08-01,cico_value_yoy_growth_pct,27.949459582889325
2013-09-01,cico_value_yoy_growth_pct,26.704415027928686
2013-10-01,cico_value_yoy_growth_pct,27.316966879721072
2013-11-01,cico_value_yoy_growth_pct,26.06662349809339
2013-12-01,cico_value_yoy_growth_pct,21.533697389451255
2014-01-01,cico_value_yoy_growth_pct,25.11338703006598
2014-02-01,cico_value_yoy_growth_pct,22.441647889120354
2014-03-01,cico_value_yoy_growth_pct,43.325201196019215
2014-04-01,cico_value_yoy_growth_pct,30.892159681366515
2014-05-01,cico_value_yoy_growth_pct,24.791207406940853
2014-06-01,cico_value_yoy_growth_pct,24.531803278688535
2014-07-01,cico_value_yoy_growth_pct,23.489800933890393
2014-08-01,cico_value_yoy_growth_pct,22.974419988102323
2014-09-01,cico_value_yoy_growth_pct,24.609577873059973
2014-10-01,cico_value_yoy_growth_pct,19.959495692851846
2014-11-01,cico_value_yoy_growth_pct,15.990754480082181
2014-12-01,cico_value_yoy_growth_pct,23.591879229567937
2015-01-01,cico_value_yoy_growth_pct,17.964118826970264
2015-02-01,cico_value_yoy_growth_pct,20.448850385133998
2015-03-01,cico_value_yoy_growth_pct,20.31241080463946
2015-04-01,cico_value_yoy_growth_pct,14.50842154887928
2015-05-01,cico_value_yoy_growth_pct,16.161529493113136
2015-06-01,cico_value_yoy_growth_pct,20.014638435898924
2015-07-01,cico_value_yoy_growth_pct,18.842540996656588
2015-08-01,cico_value_yoy_growth_pct,20.043537151702793
2015-09-01,cico_value_yoy_growth_pct,19.949985703277573
2015-10-01,cico_value_yoy_growth_pct,21.652867408228204
2015-11-01,cico_value_yoy_growth_pct,16.302481315101925
2015-12-01,cico_value_yoy_growth_pct,18.407973433710634
2016-01-01,cico_value_yoy_growth_pct,15.119217250878702
2016-02-01,cico_value_yoy_growth_pct,23.568216324255765
2016-03-01,cico_value_yoy_growth_pct,18.007988405597054
2016-04-01,cico_value_yoy_growth_pct,26.23394121995264
2016-05-01,cico_value_yoy_growth_pct,20.76366922729327
2016-06-01,cico_value_yoy_growth_pct,18.889001013509077
2016-07-01,cico_value_yoy_growth_pct,17.99768906155803
2016-08-01,cico_value_yoy_growth_pct,19.776026177293126
2016-09-01,cico_value_yoy_growth_pct,14.766914741460813
2016-10-01,cico_value_yoy_growth_pct,14.184075556667498
2016-11-01,cico_value_yoy_growth_pct,23.20706344237049
2016-12-01,cico_value_yoy_growth_pct,18.611364895831795
2017-01-01,cico_value_yoy_growth_pct,23.564603171983546
2017-02-01,cico_value_yoy_growth_pct,8.632307482940305
2017-03-01,cico_value_yoy_growth_pct,17.031269989217247
2017-04-01,cico_value_yoy_growth_pct,10.23534207990513
2017-05-01,cico_value_yoy_growth_pct,13.494998920630351
2017-06-01,cico_value_yoy_growth_pct,10.634269835001998
2017-07-01,cico_value_yoy_growth_pct,9.593264597983353
2017-08-01,cico_value_yoy_growth_pct,-3.6631688025058007
2017-09-01,cico_value_yoy_growth_pct,5.936174332435606
2017-10-01,cico_value_yoy_growth_pct,2.3711707270312132
2017-11-01,cico_value_yoy_growth_pct,2.6542868621384663
2017-12-01,cico_value_yoy_growth_pct,5.003267323919647
2018-01-01,cico_value_yoy_growth_pct,7.846109667897672
2018-02-01,cico_value_yoy_growth_pct,7.683276900059388
2018-03-01,cico_value_yoy_growth_pct,5.287650696483226
2018-04-01,cico_value_yoy_growth_pct,5.23203232953533
2018-05-01,cico_value_yoy_growth_pct,4.286601912201071
2018-06-01,cico_value_yoy_growth_pct,5.964861952906886
2018-07-01,cico_value_yoy_growth_pct,7.594539209370232
2018-08-01,cico_value_yoy_growth_pct,21.851917818265633
2018-09-01,cico_value_yoy_growth_pct,8.888165175114748
2018-10-01,cico_value_yoy_growth_pct,14.784059822485629
2018-11-01,cico_value_yoy_growth_pct,15.021892780567093
2018-12-01,cico_value_yoy_growth_pct,10.56574730474833
2019-01-01,cico_value_yoy_growth_pct,13.942795927971673
2019-02-01,cico_value_yoy_growth_pct,9.073564410407787
2019-03-01,cico_value_yoy_growth_pct,9.278870398386285
2019-04-01,cico_value_yoy_growth_pct,15.08535171038885
2019-05-01,cico_value_yoy_growth_pct,10.725598078852162
2019-06-01,cico_value_yoy_growth_pct,9.184344809567136
2019-07-01,cico_value_yoy_growth_pct,10.240347583285203
2019-08-01,cico_value_yoy_growth_pct,5.615169441005197
2019-09-01,cico_value_yoy_growth_pct,11.672053298663565
2019-10-01,cico_value_yoy_growth_pct,6.898098914706097
2019-11-01,cico_value_yoy_growth_pct,4.477034658849677
2019-12-01,cico_value_yoy_growth_pct,4.123274038383107
2020-01-01,cico_value_yoy_growth_pct,1.0551143017849762
2020-02-01,cico_value_yoy_growth_pct,6.805119609934485
2020-03-01,cico_value_yoy_growth_pct,-1.0529601780721376
2020-04-01,cico_value_yoy_growth_pct,-14.498245497146167
2020-05-01,cico_value_yoy_growth_pct,-1.8898900217979797
2020-06-01,cico_value_yoy_growth_pct,13.067721502564545
2020-07-01,cico_value_yoy_growth_pct,23.089037244872877
2020-08-01,cico_value_yoy_growth_pct,28.498469487441103
2020-09-01,cico_value_yoy_growth_pct,32.059151480700045
2020-10-01,cico_value_yoy_growth_pct,44.154417676702984
2020-11-01,cico_value_yoy_growth_pct,46.63601114510063
2020-12-01,cico_value_yoy_growth_pct,58.172511947353314
2021-01-01,cico_value_yoy_growth_pct,58.74159720354935
2021-02-01,cico_value_yoy_growth_pct,62.060140207315094
2021-03-01,cico_value_yoy_growth_pct,47.52641209730295
2021-04-01,cico_value_yoy_growth_pct,63.0632063923946
2021-05-01,cico_value_yoy_growth_pct,50.1776869910737
2021-06-01,cico_value_yoy_growth_pct,35.81540752526951
2021-07-01,cico_value_yoy_growth_pct,30.37799818617637
2021-08-01,cico_value_yoy_growth_pct,23.86330518962161
2021-09-01,cico_value_yoy_growth_pct,21.142762538414583
2021-10-01,cico_value_yoy_growth_pct,16.87187088772253
2021-11-01,cico_value_yoy_growth_pct,14.078047706366291
2021-12-01,cico_value_yoy_growth_pct,2.7159107794416215
2022-01-01,cico_value_yoy_growth_pct,-0.7690222914831568
2022-02-01,cico_value_yoy_growth_pct,0.12676279511962818
2022-03-01,cico_value_yoy_growth_pct,23.535099953509974
2022-04-01,cico_value_yoy_growth_pct,32.1193899088049
2022-05-01,cico_value_yoy_growth_pct,29.054016285006234
2022-06-01,cico_value_yoy_growth_pct,24.869046054484368
2022-07-01,cico_value_yoy_growth_pct,22.881730671111256
2022-08-01,cico_value_yoy_growth_pct,15.487962899815866
2022-09-01,cico_value_yoy_growth_pct,15.21917386996481
2022-10-01,cico_value_yoy_growth_pct,4.587957420649036
2022-11-01,cico_value_yoy_growth_pct,6.467876932292804
2022-12-01,cico_value_yoy_growth_pct,13.810396373806523
2023-01-01,cico_value_yoy_growth_pct,0.5940391246457732
2023-02-01,cico_value_yoy_growth_pct,1.6493467672451745
2023-03-01,cico_value_yoy_growth_pct,-2.786349746353356
2023-04-01,cico_value_yoy_growth_pct,-7.2762346841891095
2023-05-01,cico_value_yoy_growth_pct,-3.202333169703442
2023-06-01,cico_value_yoy_growth_pct,-3.207084755446632
2023-07-01,cico_value_yoy_growth_pct,-5.242761446049937
2023-08-01,cico_value_yoy_growth_pct,-1.5840911775127031
2023-09-01,cico_value_yoy_growth_pct,-2.0208459975981086
2023-10-01,cico_value_yoy_growth_pct,8.782675947409114
2023-11-01,cico_value_yoy_growth_pct,10.582333083270811
2023-12-01,cico_value_yoy_growth_pct,11.33943451119963
2024-01-01,cico_value_yoy_growth_pct,33.03580519260141
2024-02-01,cico_value_yoy_growth_pct,36.795308688958464
2024-03-01,cico_value_yoy_growth_pct,15.783524310932195
2024-04-01,cico_value_yoy_growth_pct,15.671678179601777
2024-05-01,cico_value_yoy_growth_pct,7.730743989022115
2024-06-01,cico_value_yoy_growth_pct,5.009630918354668
2024-07-01,cico_value_yoy_growth_pct,3.0979784996494564
2024-08-01,cico_value_yoy_growth_pct,5.892324077824274
2024-09-01,cico_value_yoy_growth_pct,1.4648023727377169
2024-10-01,cico_value_yoy_growth_pct,2.701626663633272
2024-11-01,cico_value_yoy_growth_pct,-0.03957317504063029
2024-12-01,cico_value_yoy_growth_pct,-4.426967717384411
2025-01-01,cico_value_yoy_growth_pct,-11.029618102502614
2025-02-01,cico_value_yoy_growth_pct,-19.548558421851283
2025-03-01,cico_value_yoy_growth_pct,-5.045939042167625
2025-04-01,cico_value_yoy_growth_pct,-1.8126378799162457
2025-05-01,cico_value_yoy_growth_pct,-1.2488404613233306
2025-06-01,cico_value_yoy_growth_pct,-1.2189168799278116
2025-07-01,cico_value_yoy_growth_pct,-4.638379259049374
2025-08-01,cico_value_yoy_growth_pct,-2.4748197362269853
2025-09-01,cico_value_yoy_growth_pct,2.1326731491976503
2025-10-01,cico_value_yoy_growth_pct,-5.994905022982766
2025-11-01,cico_value_yoy_growth_pct,-5.956706773933574
2025-12-01,cico_value_yoy_growth_pct,-4.103789236180244
2026-01-01,cico_value_yoy_growth_pct,0.3053719659933174
2026-02-01,cico_value_yoy_growth_pct,-0.44953710252904067
2026-03-01,cico_value_yoy_growth_pct,-2.342253521126758
2026-04-01,cico_value_yoy_growth_pct,-2.5444709990411707
2026-05-01,cico_value_yoy_growth_pct,-4.458464773922177
2026-06-01,cico_value_yoy_growth_pct,2.1998592329694366
2007-03-01,cico_volume_millions,0.021714
2007-04-01,cico_volume_millions,0.07
2007-05-01,cico_volume_millions,0.15
2007-06-01,cico_volume_millions,0.233661
2007-07-01,cico_volume_millions,0.354298
2007-08-01,cico_volume_millions,0.516239
2007-09-01,cico_volume_millions,0.669689
2007-10-01,cico_volume_millions,0.958908
2007-11-01,cico_volume_millions,1.22174
2007-12-01,cico_volume_millions,1.2741
2008-01-01,cico_volume_millions,1.34683
2008-02-01,cico_volume_millions,1.7399
2008-03-01,cico_volume_millions,2.3975
2008-04-01,cico_volume_millions,3.07289
2008-05-01,cico_volume_millions,4.02127
2008-06-01,cico_volume_millions,4.20144
2008-07-01,cico_volume_millions,5.39108
2008-08-01,cico_volume_millions,6.34241
2008-09-01,cico_volume_millions,7.15191
2008-10-01,cico_volume_millions,8.30365
2008-11-01,cico_volume_millions,8.56681
2008-12-01,cico_volume_millions,10.2051
2009-01-01,cico_volume_millions,10.1906
2009-02-01,cico_volume_millions,11.0793
2009-03-01,cico_volume_millions,13.5541
2009-04-01,cico_volume_millions,13.7796
2009-05-01,cico_volume_millions,15.0488
2009-06-01,cico_volume_millions,15.9846
2009-07-01,cico_volume_millions,16.8986
2009-08-01,cico_volume_millions,17.0104
2009-09-01,cico_volume_millions,18.3703
2009-10-01,cico_volume_millions,19.92
2009-11-01,cico_volume_millions,19.975
2009-12-01,cico_volume_millions,21.6891
2010-01-01,cico_volume_millions,20.0767
2010-02-01,cico_volume_millions,20.8087
2010-03-01,cico_volume_millions,24.0758
2010-04-01,cico_volume_millions,22.6933
2010-05-01,cico_volume_millions,24.6984
2010-06-01,cico_volume_millions,25.0338
2010-07-01,cico_volume_millions,26.915
2010-08-01,cico_volume_millions,26.8233
2010-09-01,cico_volume_millions,29.4457
2010-10-01,cico_volume_millions,31.3186
2010-11-01,cico_volume_millions,30.0386
2010-12-01,cico_volume_millions,29.1183
2011-01-01,cico_volume_millions,28.2047
2011-02-01,cico_volume_millions,28.5462
2011-03-01,cico_volume_millions,32.7301
2011-04-01,cico_volume_millions,32.4254
2011-05-01,cico_volume_millions,35.3457
2011-06-01,cico_volume_millions,35.8222
2011-07-01,cico_volume_millions,37.9763
2011-08-01,cico_volume_millions,39.2993
2011-09-01,cico_volume_millions,39.2139
2011-10-01,cico_volume_millions,40.55
2011-11-01,cico_volume_millions,41.1769
2011-12-01,cico_volume_millions,41.7075
2012-01-01,cico_volume_millions,40.2449
2012-02-01,cico_volume_millions,41.7805
2012-03-01,cico_volume_millions,45.757
2012-04-01,cico_volume_millions,44.35
2012-05-01,cico_volume_millions,47.9655
2012-06-01,cico_volume_millions,47.8763
2012-07-01,cico_volume_millions,49.35
2012-08-01,cico_volume_millions,49.7
2012-09-01,cico_volume_millions,48.94
2012-10-01,cico_volume_millions,51.89
2012-11-01,cico_volume_millions,53.56
2012-12-01,cico_volume_millions,55.96
2013-01-01,cico_volume_millions,53.4068
2013-02-01,cico_volume_millions,53.4683
2013-03-01,cico_volume_millions,52.3949
2013-04-01,cico_volume_millions,55.9993
2013-05-01,cico_volume_millions,60.34
2013-06-01,cico_volume_millions,60.03
2013-07-01,cico_volume_millions,62.71
2013-08-01,cico_volume_millions,64.71
2013-09-01,cico_volume_millions,63.43
2013-10-01,cico_volume_millions,68.27
2013-11-01,cico_volume_millions,68.7
2013-12-01,cico_volume_millions,69.1378
2014-01-01,cico_volume_millions,67.0519
2014-02-01,cico_volume_millions,65.5934
2014-03-01,cico_volume_millions,73.9817
2014-04-01,cico_volume_millions,72.0955
2014-05-01,cico_volume_millions,74.5472
2014-06-01,cico_volume_millions,74.0288
2014-07-01,cico_volume_millions,77.4651
2014-08-01,cico_volume_millions,78.8987
2014-09-01,cico_volume_millions,78.1748
2014-10-01,cico_volume_millions,82.8925
2014-11-01,cico_volume_millions,80.9984
2014-12-01,cico_volume_millions,85.6071
2015-01-01,cico_volume_millions,81.6534
2015-02-01,cico_volume_millions,80.7405
2015-03-01,cico_volume_millions,90.3477
2015-04-01,cico_volume_millions,84.9056
2015-05-01,cico_volume_millions,89.9024
2015-06-01,cico_volume_millions,90.6686
2015-07-01,cico_volume_millions,93.9985
2015-08-01,cico_volume_millions,94.12
2015-09-01,cico_volume_millions,96.32
2015-10-01,cico_volume_millions,102.75
2015-11-01,cico_volume_millions,101.33
2015-12-01,cico_volume_millions,107.44
2016-01-01,cico_volume_millions,95.52
2016-02-01,cico_volume_millions,100.983
2016-03-01,cico_volume_millions,107.855
2016-04-01,cico_volume_millions,105.506
2016-05-01,cico_volume_millions,107.821
2016-06-01,cico_volume_millions,106.342
2016-07-01,cico_volume_millions,110.514
2016-08-01,cico_volume_millions,114.156
2016-09-01,cico_volume_millions,112.586
2016-10-01,cico_volume_millions,122.45
2016-11-01,cico_volume_millions,120.932
2016-12-01,cico_volume_millions,126.349
2017-01-01,cico_volume_millions,122.03
2017-02-01,cico_volume_millions,117.495
2017-03-01,cico_volume_millions,133.336
2017-04-01,cico_volume_millions,128.885
2017-05-01,cico_volume_millions,132.455
2017-06-01,cico_volume_millions,125.897
2017-07-01,cico_volume_millions,128.105
2017-08-01,cico_volume_millions,120.645
2017-09-01,cico_volume_millions,128.457
2017-10-01,cico_volume_millions,134.198
2017-11-01,cico_volume_millions,131.738
2017-12-01,cico_volume_millions,139.934
2018-01-01,cico_volume_millions,136.658
2018-02-01,cico_volume_millions,132.297
2018-03-01,cico_volume_millions,147.52
2018-04-01,cico_volume_millions,142.056
2018-05-01,cico_volume_millions,140.954
2018-06-01,cico_volume_millions,137.412
2018-07-01,cico_volume_millions,143.087
2018-08-01,cico_volume_millions,149.517
2018-09-01,cico_volume_millions,145.988
2018-10-01,cico_volume_millions,155.16
2018-11-01,cico_volume_millions,153.15
2018-12-01,cico_volume_millions,155.774
2019-01-01,cico_volume_millions,154.243
2019-02-01,cico_volume_millions,144.49
2019-03-01,cico_volume_millions,161.38
2019-04-01,cico_volume_millions,155.796
2019-05-01,cico_volume_millions,153.257
2019-06-01,cico_volume_millions,149.727
2019-07-01,cico_volume_millions,152.979
2019-08-01,cico_volume_millions,151.828
2019-09-01,cico_volume_millions,151.224
2019-10-01,cico_volume_millions,156.11
2019-11-01,cico_volume_millions,153.056
2019-12-01,cico_volume_millions,154.99
2020-01-01,cico_volume_millions,150.204
2020-02-01,cico_volume_millions,148.53
2020-03-01,cico_volume_millions,150.687
2020-04-01,cico_volume_millions,124.994
2020-05-01,cico_volume_millions,135.932
2020-06-01,cico_volume_millions,143.14
2020-07-01,cico_volume_millions,157.755
2020-08-01,cico_volume_millions,163.207
2020-09-01,cico_volume_millions,163.342
2020-10-01,cico_volume_millions,174.106
2020-11-01,cico_volume_millions,170.028
2020-12-01,cico_volume_millions,181.37
2021-01-01,cico_volume_millions,173.91
2021-02-01,cico_volume_millions,164.2
2021-03-01,cico_volume_millions,182.29
2021-04-01,cico_volume_millions,173.35
2021-05-01,cico_volume_millions,180.76
2021-06-01,cico_volume_millions,175.83
2021-07-01,cico_volume_millions,184.0
2021-08-01,cico_volume_millions,184.51
2021-09-01,cico_volume_millions,180.85
2021-10-01,cico_volume_millions,190.06
2021-11-01,cico_volume_millions,185.98
2021-12-01,cico_volume_millions,189.8
2022-01-01,cico_volume_millions,181.85
2022-02-01,cico_volume_millions,171.39
2022-03-01,cico_volume_millions,195.82
2022-04-01,cico_volume_millions,188.24
2022-05-01,cico_volume_millions,192.95
2022-06-01,cico_volume_millions,186.2
2022-07-01,cico_volume_millions,194.77
2022-08-01,cico_volume_millions,184.81
2022-09-01,cico_volume_millions,189.7
2022-10-01,cico_volume_millions,196.93
2022-11-01,cico_volume_millions,190.46
2022-12-01,cico_volume_millions,207.01
2023-01-01,cico_volume_millions,198.31
2023-02-01,cico_volume_millions,184.82
2023-03-01,cico_volume_millions,204.83
2023-04-01,cico_volume_millions,194.95
2023-05-01,cico_volume_millions,205.88
2023-06-01,cico_volume_millions,197.42
2023-07-01,cico_volume_millions,202.85
2023-08-01,cico_volume_millions,208.61
2023-09-01,cico_volume_millions,201.58
2023-10-01,cico_volume_millions,210.62
2023-11-01,cico_volume_millions,201.31
2023-12-01,cico_volume_millions,213.31
2024-01-01,cico_volume_millions,211.58
2024-02-01,cico_volume_millions,213.34
2024-03-01,cico_volume_millions,207.81
2024-04-01,cico_volume_millions,203.55
2024-05-01,cico_volume_millions,208.13
2024-06-01,cico_volume_millions,201.06
2024-07-01,cico_volume_millions,204.17
2024-08-01,cico_volume_millions,214.25
2024-09-01,cico_volume_millions,196.49
2024-10-01,cico_volume_millions,215.26
2024-11-01,cico_volume_millions,208.41
2024-12-01,cico_volume_millions,214.58
2025-01-01,cico_volume_millions,206.43
2025-02-01,cico_volume_millions,199.08
2025-03-01,cico_volume_millions,220.0
2025-04-01,cico_volume_millions,215.39
2025-05-01,cico_volume_millions,215.81
2025-06-01,cico_volume_millions,207.78
2025-07-01,cico_volume_millions,215.32
2025-08-01,cico_volume_millions,221.13
2025-09-01,cico_volume_millions,210.41
2025-10-01,cico_volume_millions,218.44
2025-11-01,cico_volume_millions,213.68
2025-12-01,cico_volume_millions,217.58
2026-01-01,cico_volume_millions,215.08
2026-02-01,cico_volume_millions,196.15
2026-03-01,cico_volume_millions,217.86
2026-04-01,cico_volume_millions,212.29
2026-05-01,cico_volume_millions,214.33
2026-06-01,cico_volume_millions,212.45
2007-03-01,registered_accounts_millions,0.020992
2007-04-01,registered_accounts_millions,0.054944
2007-05-01,registered_accounts_millions,0.107733
2007-06-01,registered_accounts_millions,0.175652
2007-07-01,registered_accounts_millions,0.268499
2007-08-01,registered_accounts_millions,0.432555
2007-09-01,registered_accounts_millions,0.635761
2007-10-01,registered_accounts_millions,0.875962
2007-11-01,registered_accounts_millions,1.1332
2007-12-01,registered_accounts_millions,1.34527
2008-01-01,registered_accounts_millions,1.5891
2008-02-01,registered_accounts_millions,1.82153
2008-03-01,registered_accounts_millions,2.07553
2008-04-01,registered_accounts_millions,2.37346
2008-05-01,registered_accounts_millions,2.71813
2008-06-01,registered_accounts_millions,3.03852
2008-07-01,registered_accounts_millions,3.36719
2008-08-01,registered_accounts_millions,3.72618
2008-09-01,registered_accounts_millions,4.14304
2008-10-01,registered_accounts_millions,4.42028
2008-11-01,registered_accounts_millions,4.75139
2008-12-01,registered_accounts_millions,5.08247
2009-01-01,registered_accounts_millions,5.47828
2009-02-01,registered_accounts_millions,5.81602
2009-03-01,registered_accounts_millions,6.28952
2009-04-01,registered_accounts_millions,6.53192
2009-05-01,registered_accounts_millions,6.8427
2009-06-01,registered_accounts_millions,7.19062
2009-07-01,registered_accounts_millions,7.42641
2009-08-01,registered_accounts_millions,7.7141
2009-09-01,registered_accounts_millions,8.01624
2009-10-01,registered_accounts_millions,8.36803
2009-11-01,registered_accounts_millions,8.61529
2009-12-01,registered_accounts_millions,8.88258
2010-01-01,registered_accounts_millions,9.4767
2010-02-01,registered_accounts_millions,9.67495
2010-03-01,registered_accounts_millions,9.97211
2010-04-01,registered_accounts_millions,10.2026
2010-05-01,registered_accounts_millions,10.4928
2010-06-01,registered_accounts_millions,10.9147
2010-07-01,registered_accounts_millions,13.4701
2010-08-01,registered_accounts_millions,14.5893
2010-09-01,registered_accounts_millions,15.2239
2010-10-01,registered_accounts_millions,15.7346
2010-11-01,registered_accounts_millions,16.075
2010-12-01,registered_accounts_millions,16.4463
2011-01-01,registered_accounts_millions,16.6901
2011-02-01,registered_accounts_millions,16.8928
2011-03-01,registered_accounts_millions,17.4653
2011-04-01,registered_accounts_millions,17.7573
2011-05-01,registered_accounts_millions,17.9239
2011-06-01,registered_accounts_millions,18.1469
2011-07-01,registered_accounts_millions,18.3082
2011-08-01,registered_accounts_millions,18.6128
2011-09-01,registered_accounts_millions,18.8916
2011-10-01,registered_accounts_millions,19.2097
2011-11-01,registered_accounts_millions,19.46
2011-12-01,registered_accounts_millions,19.191
2012-01-01,registered_accounts_millions,18.834
2012-02-01,registered_accounts_millions,18.7921
2012-03-01,registered_accounts_millions,19.2393
2012-04-01,registered_accounts_millions,19.53
2012-05-01,registered_accounts_millions,19.6943
2012-06-01,registered_accounts_millions,19.7956
2012-07-01,registered_accounts_millions,19.58
2012-08-01,registered_accounts_millions,19.38
2012-09-01,registered_accounts_millions,19.71
2012-10-01,registered_accounts_millions,20.02
2012-11-01,registered_accounts_millions,20.25
2012-12-01,registered_accounts_millions,21.06
2013-01-01,registered_accounts_millions,21.4181
2013-02-01,registered_accounts_millions,21.8024
2013-03-01,registered_accounts_millions,22.3292
2013-04-01,registered_accounts_millions,23.0185
2013-05-01,registered_accounts_millions,23.47
2013-06-01,registered_accounts_millions,23.75
2013-07-01,registered_accounts_millions,24.27
2013-08-01,registered_accounts_millions,23.87
2013-09-01,registered_accounts_millions,23.97
2013-10-01,registered_accounts_millions,24.43
2013-11-01,registered_accounts_millions,24.9
2013-12-01,registered_accounts_millions,25.3263
2014-01-01,registered_accounts_millions,25.7568
2014-02-01,registered_accounts_millions,26.1164
2014-03-01,registered_accounts_millions,26.208
2014-04-01,registered_accounts_millions,26.1399
2014-05-01,registered_accounts_millions,25.8152
2014-06-01,registered_accounts_millions,25.9284
2014-07-01,registered_accounts_millions,26.2265
2014-08-01,registered_accounts_millions,26.333
2014-09-01,registered_accounts_millions,26.2995
2014-10-01,registered_accounts_millions,25.996
2014-11-01,registered_accounts_millions,24.9465
2014-12-01,registered_accounts_millions,25.2492
2015-01-01,registered_accounts_millions,25.3972
2015-02-01,registered_accounts_millions,25.4556
2015-03-01,registered_accounts_millions,25.6902
2015-04-01,registered_accounts_millions,26.1392
2015-05-01,registered_accounts_millions,26.4645
2015-06-01,registered_accounts_millions,26.5028
2015-07-01,registered_accounts_millions,26.7382
2015-08-01,registered_accounts_millions,27.0497
2015-09-01,registered_accounts_millions,27.312
2015-10-01,registered_accounts_millions,27.537
2015-11-01,registered_accounts_millions,28.064
2015-12-01,registered_accounts_millions,28.6447
2016-01-01,registered_accounts_millions,29.0976
2016-02-01,registered_accounts_millions,29.489
2016-03-01,registered_accounts_millions,30.696
2016-04-01,registered_accounts_millions,31.438
2016-05-01,registered_accounts_millions,31.296
2016-06-01,registered_accounts_millions,31.386
2016-07-01,registered_accounts_millions,32.336
2016-08-01,registered_accounts_millions,32.757
2016-09-01,registered_accounts_millions,33.435
2016-10-01,registered_accounts_millions,34.037
2016-11-01,registered_accounts_millions,34.281
2016-12-01,registered_accounts_millions,34.957
2017-01-01,registered_accounts_millions,33.343
2017-02-01,registered_accounts_millions,33.291
2017-03-01,registered_accounts_millions,33.919
2017-04-01,registered_accounts_millions,34.286
2017-05-01,registered_accounts_millions,34.205
2017-06-01,registered_accounts_millions,34.178
2017-07-01,registered_accounts_millions,34.578
2017-08-01,registered_accounts_millions,35.333
2017-09-01,registered_accounts_millions,35.537
2017-10-01,registered_accounts_millions,36.0008
2017-11-01,registered_accounts_millions,36.3906
2017-12-01,registered_accounts_millions,37.3868
2018-01-01,registered_accounts_millions,37.8418
2018-02-01,registered_accounts_millions,38.4185
2018-03-01,registered_accounts_millions,39.34
2018-04-01,registered_accounts_millions,40.2881
2018-05-01,registered_accounts_millions,41.729
2018-06-01,registered_accounts_millions,42.581
2018-07-01,registered_accounts_millions,42.613
2018-08-01,registered_accounts_millions,43.5588
2018-09-01,registered_accounts_millions,44.2723
2018-10-01,registered_accounts_millions,45.4371
2018-11-01,registered_accounts_millions,46.2334
2018-12-01,registered_accounts_millions,47.6943
2019-01-01,registered_accounts_millions,40.2953
2019-02-01,registered_accounts_millions,50.04
2019-03-01,registered_accounts_millions,50.36
2019-04-01,registered_accounts_millions,52.0478
2019-05-01,registered_accounts_millions,52.1958
2019-06-01,registered_accounts_millions,46.8005
2019-07-01,registered_accounts_millions,53.887
2019-08-01,registered_accounts_millions,54.7751
2019-09-01,registered_accounts_millions,55.7004
2019-10-01,registered_accounts_millions,56.293
2019-11-01,registered_accounts_millions,58.039
2019-12-01,registered_accounts_millions,58.3613
2020-01-01,registered_accounts_millions,59.1672
2020-02-01,registered_accounts_millions,58.6665
2020-03-01,registered_accounts_millions,58.7131
2020-04-01,registered_accounts_millions,59.4282
2020-05-01,registered_accounts_millions,60.2432
2020-06-01,registered_accounts_millions,61.7261
2020-07-01,registered_accounts_millions,62.0651
2020-08-01,registered_accounts_millions,62.7834
2020-09-01,registered_accounts_millions,64.0304
2020-10-01,registered_accounts_millions,65.255
2020-11-01,registered_accounts_millions,65.7662
2020-12-01,registered_accounts_millions,66.01
2021-01-01,registered_accounts_millions,66.59
2021-02-01,registered_accounts_millions,67.16
2021-03-01,registered_accounts_millions,65.93
2021-04-01,registered_accounts_millions,67.11
2021-05-01,registered_accounts_millions,67.77
2021-06-01,registered_accounts_millions,67.78
2021-07-01,registered_accounts_millions,68.54
2021-08-01,registered_accounts_millions,68.09
2021-09-01,registered_accounts_millions,67.7
2021-10-01,registered_accounts_millions,66.88
2021-11-01,registered_accounts_millions,67.15
2021-12-01,registered_accounts_millions,68.03
2022-01-01,registered_accounts_millions,68.28
2022-02-01,registered_accounts_millions,67.94
2022-03-01,registered_accounts_millions,68.62
2022-04-01,registered_accounts_millions,68.72
2022-05-01,registered_accounts_millions,70.03
2022-06-01,registered_accounts_millions,70.33
2022-07-01,registered_accounts_millions,71.58
2022-08-01,registered_accounts_millions,70.06
2022-09-01,registered_accounts_millions,71.67
2022-10-01,registered_accounts_millions,73.22
2022-11-01,registered_accounts_millions,73.22
2022-12-01,registered_accounts_millions,73.12
2023-01-01,registered_accounts_millions,74.41
2023-02-01,registered_accounts_millions,74.04
2023-03-01,registered_accounts_millions,73.72
2023-04-01,registered_accounts_millions,75.96
2023-05-01,registered_accounts_millions,77.34
2023-06-01,registered_accounts_millions,76.99
2023-07-01,registered_accounts_millions,77.21
2023-08-01,registered_accounts_millions,77.55
2023-09-01,registered_accounts_millions,77.07
2023-10-01,registered_accounts_millions,75.96
2023-11-01,registered_accounts_millions,77.12
2023-12-01,registered_accounts_millions,77.26
2024-01-01,registered_accounts_millions,76.76
2024-02-01,registered_accounts_millions,77.33
2024-03-01,registered_accounts_millions,77.73
2024-04-01,registered_accounts_millions,77.44
2024-05-01,registered_accounts_millions,77.24
2024-06-01,registered_accounts_millions,77.92
2024-07-01,registered_accounts_millions,78.61
2024-08-01,registered_accounts_millions,78.64
2024-09-01,registered_accounts_millions,79.37
2024-10-01,registered_accounts_millions,80.82
2024-11-01,registered_accounts_millions,81.55
2024-12-01,registered_accounts_millions,82.43
2025-01-01,registered_accounts_millions,83.4
2025-02-01,registered_accounts_millions,84.56
2025-03-01,registered_accounts_millions,85.2
2025-04-01,registered_accounts_millions,86.01
2025-05-01,registered_accounts_millions,85.62
2025-06-01,registered_accounts_millions,84.2
2025-07-01,registered_accounts_millions,85.77
2025-08-01,registered_accounts_millions,87.46
2025-09-01,registered_accounts_millions,87.01
2025-10-01,registered_accounts_millions,87.94
2025-11-01,registered_accounts_millions,89.06
2025-12-01,registered_accounts_millions,89.46
2026-01-01,registered_accounts_millions,90.41
2026-02-01,registered_accounts_millions,91.32
2026-03-01,registered_accounts_millions,91.39
2026-04-01,registered_accounts_millions,92.84
2026-05-01,registered_accounts_millions,94.09
2026-06-01,registered_accounts_millions,94.2
